spol,spol_starša,izob_matere,izob_očeta,število,izpolnjeval,vključen,status_matere,status_očeta,jezik,OPP,drugo,age_in_months,starost_vkljucitev,V10,V11,V12,V13,V14,V15,V16,V17,V18,V19
0,1,3,3,5.0,0,da,3,3,8,1,,85.0,16.0,2.0,2.0,2.0,2.0,2.0,2.0,0.5,1.5,2.0,2.0
0,1,1,1,4.0,1,da,3,3,7,1,,80.0,17.752508361204015,1.0,1.0,1.0,1.0,1.0,1.0,1.0,1.0,1.0,1.0
0,1,2,2,3.0,0,da,3,3,7,1,,84.0,15.0,2.0,1.75,1.8571428571428568,2.0,1.875,2.0,1.25,1.6666666666666667,2.0,1.8333333333333333
0,1,2,1,4.0,1,da,3,3,7,1,,77.0,13.0,1.1428571428571428,0.25,0.1428571428571428,0.4,1.0,1.0,0.5,1.0,2.0,1.5833333333333333
1,1,2,1,4.0,1,da,3,3,7,1,,80.0,11.0,1.9285714285714288,1.125,1.4285714285714286,1.0,1.625,1.75,1.0,0.1666666666666666,1.0,0.8333333333333334
0,1,2,1,2.0,1,da,3,3,7,1,,79.0,71.0,0.9285714285714286,1.625,1.214836011446181,0.6,1.75,1.75,1.25,1.0,1.2857142857142858,0.5833333333333334
1,1,1,2,4.0,1,da,3,3,7,1,,83.0,14.0,2.0,1.625,2.0,2.0,1.375,1.0,1.25,1.0,1.5714285714285714,1.0
1,0,2,3,4.0,1,da,3,3,7,1,,85.0,16.0,2.0,2.0,2.0,2.0,2.0,2.0,2.0,2.0,2.0,1.3333333333333333
1,1,3,1,4.0,0,da,3,3,7,1,,81.0,13.0,2.0,1.875,1.8571428571428568,1.8,1.875,2.0,1.5,2.0,1.5714285714285714,1.4166666666666667
0,1,3,1,6.0,2,da,3,3,7,1,"Sistem vključevanja otrok v vrtec je primerno narejen. Je pa zaradi preveč horizontalne vzgoje otrok in premalo spodbude individualnimi lasrnostim oziroma sposobnostim posameznega otroka. Preveč je sistemskega ukvarjanja z otorki s slabšimi sposobnostimi in premalo dela z otroki z boljšimi ali izjemnimi sposobnostmi na posameznem področju. Tak način dela se zatem nadaljuje tudi v šoli, kar lahko bistveno vpliva na razvojno obdobje otroka v letih osamosvajanja (po 12. letu). Skratka pogrešam sistemsko ureditev dela z vsemi otroki po njihovih sposobnostih. Ta del ne more biti v celoti prevaljen na starše, saj otrok v sistemski ureditvi vrtca ali šole preživi vsaj 8 ur dneva.",78.0,21.0,1.0,0.5,0.7142857142857143,0.8,1.0,1.1406976744186046,0.75,1.0,1.4285714285714286,0.6666666666666666
1,1,1,1,3.0,2,da,3,3,2,1,,96.0,38.0,2.0,2.0,2.0,2.0,2.0,2.0,2.0,2.0,2.0,2.0
0,1,1,0,5.0,2,da,3,3,7,1,,85.0,17.0,1.9285714285714288,2.0,2.0,2.0,2.0,2.0,2.0,2.0,1.8571428571428568,1.9166666666666667
1,1,1,1,5.0,1,da,3,3,7,1,"Ne. Izredno hvaležna sva kot starša, da so vzgojitelji našima deklicama v predšolski doobi pomagali nadgraditi že osvojene spretnosti, skrb za lastno telo in higijeno ter omogočil celosteni razvoj z gibanjem, glasbo, ustvarjalnim delom. Vzgojne ustanove (vrtec v tem primeru) se je pri nas izkazal kot odlična podpora pri vzgoji deloovnih navad in reda, vendar obe navedeni, sta pridobljeni doma, kakor je tudi prav.",86.0,11.0,-1.0,-0.25,-1.0,-1.0,-1.0,0.0,-1.0,-1.0,0.1428571428571428,0.25
0,1,1,1,2.0,0,da,3,3,7,0,,82.0,13.0,2.0,2.0,2.0,2.0,1.625,1.75,2.0,2.0,1.8571428571428568,1.4166666666666667
0,1,2,2,3.0,1,da,3,3,7,1,,85.0,18.0,1.7142857142857142,1.0,0.5714285714285714,0.6,1.875,1.75,0.0,0.5,1.7142857142857142,0.9166666666666666
1,1,3,2,4.0,0,da,3,2,7,1,,85.0,12.0,2.0,1.625,1.8571428571428568,1.8,1.875,1.25,0.25,1.5,1.2857142857142858,0.3333333333333333
1,1,1,1,4.0,1,da,3,1,8,1,,83.0,15.0,2.0,2.0,2.0,2.0,2.0,2.0,2.0,2.0,2.0,2.0
0,1,2,2,3.0,1,da,3,3,7,0,"Za mojega otroka je bilo v vrtcu zelo lepo poskrbljeno. Po njegovi diagnozi epilepsije in njenih posledicah je bil izdelan individualni program zanj, kar je neprecenljivo. Empatija osebja je bila zame kot mater ključnega pomena v najtežjih trenutkih. Za prehod v šolo so po mojem pooblastilu pripravili vso dokumentacijo in poročila za šolske pedagoge. Vsekakor je vrtec zelo pomembna življenska izkušnja za otroka. Žal se vrtci v Kopru preveč prilagajajo t.i. ''novim'' kulturam in običajem drugih narodov in zato zmanjkuje časa in prostora za ostale stvari, ki so del slovenske kulture.",82.0,11.0,2.0,1.625,1.5714285714285714,1.4,2.0,1.25,0.5,1.5,2.0,1.9166666666666667
0,0,0,0,5.0,2,da,0,2,0,1,,81.0,17.752508361204015,1.5714285714285714,0.875,1.2857142857142858,1.2,1.25,1.25,0.75,1.1666666666666667,1.1428571428571428,1.1666666666666667
0,1,1,1,4.0,0,da,2,3,7,1,,80.0,41.752508361204015,2.0,1.75,1.8571428571428568,2.0,2.0,1.75,1.75,1.0,2.0,2.0
0,1,2,1,2.0,0,da,3,3,7,1,,78.0,11.0,1.6428571428571428,1.25,0.8571428571428571,1.6,1.625,1.75,0.5,1.8333333333333333,1.0,1.0
1,1,1,1,3.0,0,da,3,3,7,1,,86.0,30.0,2.0,2.0,2.0,1.8,1.875,1.5,1.25,0.3333333333333333,2.0,1.75
1,1,3,1,3.0,1,da,3,3,7,1,,85.0,11.0,2.0,1.5,-0.1428571428571428,0.0,2.0,1.0,0.0,2.0,0.7142857142857143,0.1666666666666666
0,1,2,2,4.0,1,ne,3,3,7,1,"Pri vprašalniku vidi pomanjkljivost v tem, da mi ne da možnosti odzvati se na posamezne trditve (V10 - V17) v splošnem smislu - ali je navedena trditev v splošnem bila ali ne razlog za vključitev mojega otroka v vrtec. Moj glavni razlog za vključitev otroka v vrtec je bila predvsem zaradi zagotavljanja varstva v času, ko smo starši v službi; od vrtca nisem neposredno pričakovala, da bo mojega otroka izobrazil na področju umetnosti, gibanja, zdravega življenja ipd., kot tudi ne, da bo v vrtcu načrtno razvijal socialne kompetence. Seveda, če se je vse to v času njegovega obikovanja vrtca zgodilo, je to dobrodošel ''stranski učinek''.",80.0,23.0,0.0714285714285714,-0.625,-0.2857142857142857,-0.4,0.0,0.0,-0.5,0.0,1.8571428571428568,0.3333333333333333
0,1,1,1,2.0,0,da,3,3,2,1,,80.0,29.75250836120401,1.0,1.0,1.0,1.0,1.0,1.0,1.0,1.0,1.0,1.0
0,0,3,2,4.0,0,da,3,3,7,1,"Za vključitev otroka v vrtec sem se odločila zarafi potrebe po varstvu in ne zaradi naštetih trditev v vprašalniku! Večino veščin, ki jih omenja vprašalnik otrok osvoji tudi v domačem, družinskem okolju. Nekatere veščine, kot je uporaba digitalnih orodij, črk, itd. se mi ne zdijo nujno potrebna za 1-5 letne otroke. Moji odgovori v vprašalniku navajajo mnenje k čemu vrtec prispeva ali bi moral prispevati. Ne odražapa razlogovza vpis v vrtec.",82.0,11.0,0.4285714285714285,0.0,1.7142857142857142,0.6,1.125,1.25,-0.25,1.0,1.2857142857142858,0.9166666666666666
1,1,2,2,4.0,0,da,3,3,7,1,,87.0,30.0,2.0,2.0,2.0,0.8,1.625,2.0,1.5,2.0,1.2857142857142858,1.25
1,1,2,1,4.0,1,da,0,3,7,1,,80.0,24.0,-0.2857142857142857,0.875,0.0,0.8,1.25,1.0,0.0,0.8333333333333334,1.5714285714285714,1.9166666666666667
0,1,2,2,4.0,1,da,3,3,7,1,,79.0,12.0,0.7857142857142857,0.0,-0.7142857142857143,-1.4,-0.375,-0.25,0.0,-0.8333333333333334,1.0,-0.3333333333333333
1,1,1,1,3.0,0,da,0,3,7,1,,83.0,39.0,2.0,1.875,2.0,2.0,2.0,2.0,2.0,1.8333333333333333,2.0,2.0
1,1,3,2,4.0,1,da,3,3,7,1,,82.0,25.0,2.0,2.0,1.8571428571428568,1.8,2.0,2.0,1.0,1.6666666666666667,2.0,-0.0833333333333333
1,1,2,1,4.0,0,da,3,3,7,1,Ne.,83.0,26.0,2.0,2.0,1.5714285714285714,1.6,2.0,2.0,0.75,1.3333333333333333,1.7142857142857142,1.25
1,1,1,1,4.0,1,da,3,3,7,1,,98.0,30.0,1.2857142857142858,0.875,1.5714285714285714,0.8,1.0,1.0,-0.25,1.0,1.1428571428571428,1.0833333333333333
1,1,2,3,3.0,1,da,3,3,7,1,,80.0,36.0,1.5,1.625,0.4285714285714285,2.0,0.5,1.0,0.0,1.1666666666666667,1.8571428571428568,1.25
0,1,1,1,5.0,0,da,3,3,7,1,,87.0,11.0,1.9285714285714288,1.75,1.8571428571428568,2.0,1.875,2.0,2.0,1.6666666666666667,1.4285714285714286,1.0
0,1,2,2,8.0,2,da,0,3,7,1,,82.0,62.0,0.0714285714285714,0.25,1.1428571428571428,0.6,1.0,1.0,0.0,1.0,0.4285714285714285,0.75
0,1,1,1,4.0,1,da,2,3,7,1,,89.0,11.0,2.0,1.5,2.0,1.0,1.25,1.0,1.25,2.0,1.8571428571428568,2.0
0,1,1,1,6.0,0,da,3,3,7,1,,80.0,41.752508361204015,1.0,0.875,1.0,1.0,1.125,1.0,1.0,1.8333333333333333,1.4285714285714286,1.1666666666666667
0,1,2,1,4.0,1,da,3,3,7,1,,90.0,11.0,1.7857142857142858,1.75,1.2857142857142858,0.6,0.5,1.25,-0.25,0.8333333333333334,1.2857142857142858,1.0
0,1,1,1,4.0,1,da,3,3,7,1,,87.0,30.0,2.0,2.0,2.0,1.0,2.0,2.0,2.0,2.0,2.0,2.0
1,1,1,1,3.0,2,da,3,3,7,1,,84.0,29.0,2.0,1.875,1.8571428571428568,2.0,2.0,2.0,1.5,2.0,1.7142857142857142,1.3333333333333333
0,1,2,2,4.0,1,da,3,0,7,1,,86.0,30.0,1.0,0.25,1.0,0.4,1.375,0.5,0.25,0.3333333333333333,0.7142857142857143,0.9166666666666666
0,1,2,2,4.0,0,da,3,3,7,1,,87.0,11.0,2.0,1.875,1.8571428571428568,2.0,2.0,2.0,1.75,2.0,1.8571428571428568,0.5
0,1,2,1,4.0,1,da,3,3,7,1,,91.0,41.752508361204015,0.9285714285714286,0.625,0.4285714285714285,0.0,0.875,0.5,0.5,0.5,0.8571428571428571,0.9166666666666666
1,1,2,1,5.0,1,da,2,3,7,1,,84.0,27.0,1.7142857142857142,0.875,1.8571428571428568,1.6,2.0,1.25,1.0,1.6666666666666667,1.7142857142857142,1.3333333333333333
1,1,1,1,2.0,0,da,3,3,7,1,,88.0,12.0,2.0,2.0,2.0,2.0,2.0,2.0,2.0,2.0,2.0,2.0
0,0,2,2,4.0,1,da,3,3,7,1,,87.0,20.0,2.0,1.375,1.5714285714285714,1.6,1.75,1.25,1.5,1.8333333333333333,1.7142857142857142,1.5833333333333333
0,1,2,2,4.0,0,da,3,3,7,1,,84.0,15.0,2.0,2.0,2.0,2.0,2.0,2.0,2.0,2.0,2.0,2.0
1,1,2,1,4.0,0,da,3,3,7,1,,77.0,11.0,2.0,1.375,1.2857142857142858,1.0,1.375,1.0,0.5,0.8333333333333334,2.0,1.1666666666666667
1,1,1,1,4.0,1,da,1,3,7,1,,81.0,12.0,2.0,1.625,1.7142857142857142,1.6,1.875,2.0,0.0,0.0,1.7142857142857142,1.8333333333333333
0,1,2,1,4.0,0,da,3,3,7,1,,87.0,31.0,-0.2857142857142857,-0.625,0.8571428571428571,0.8,1.625,1.0,0.0,0.6666666666666666,0.4285714285714285,-0.3333333333333333
1,1,1,1,5.0,1,da,3,3,7,1,,81.0,26.0,1.2142857142857142,0.875,0.0,0.0,1.75,0.75,0.75,2.0,1.4285714285714286,1.4166666666666667
1,1,1,1,3.0,0,da,3,3,7,1,,88.0,33.0,2.0,1.75,1.8571428571428568,1.8,2.0,2.0,0.0,1.8333333333333333,0.7142857142857143,0.5
0,1,2,1,4.0,1,da,3,3,7,1,,77.0,21.0,2.0,1.375,1.1428571428571428,0.8,1.25,1.0,1.25,1.0,1.1428571428571428,0.9166666666666666
0,1,2,1,3.0,0,da,3,3,7,1,,85.0,29.0,2.0,1.625,1.7142857142857142,0.8,1.0,1.0,0.5,0.6666666666666666,0.8571428571428571,1.25
0,1,1,1,4.0,1,da,3,3,2,1,,84.0,16.0,2.0,2.0,1.0,1.0,2.0,2.0,2.0,2.0,1.1428571428571428,1.8333333333333333
1,1,2,2,8.0,2,da,2,3,7,1,,88.0,20.0,1.0,0.625,1.0,0.2712074303405572,1.125,0.5,0.25,0.2352941176470588,1.4285714285714286,0.6666666666666666
0,1,2,2,5.0,2,da,3,3,7,1,,81.0,13.0,1.7142857142857142,0.375,0.7142857142857143,0.0,0.75,0.75,0.25,0.3333333333333333,1.0,0.5833333333333334
0,1,2,1,5.0,1,da,2,3,7,1,,79.0,34.0,2.0,1.75,1.8571428571428568,2.0,1.875,2.0,1.75,1.0,1.5714285714285714,1.0
0,1,2,1,4.0,1,da,3,3,7,1,,88.0,12.0,2.0,2.0,2.0,-0.6,0.0,0.75,0.25,-0.8333333333333334,1.5714285714285714,0.75
1,1,2,1,2.0,0,da,3,3,7,1,,81.0,13.0,2.0,2.0,1.8571428571428568,1.8,1.875,2.0,1.5,1.7915376676986583,1.8571428571428568,1.9166666666666667
1,1,1,2,4.0,0,da,3,3,7,1,,86.0,12.0,2.0,0.375,0.0,-2.0,0.5,0.25,-0.5,0.3333333333333333,1.4285714285714286,-0.8333333333333334
0,1,2,1,5.0,1,da,3,3,7,1,,81.0,47.0,1.5714285714285714,1.5,1.1428571428571428,2.0,1.625,1.75,2.0,2.0,1.8571428571428568,1.1666666666666667
1,1,2,1,5.0,1,da,3,3,7,1,,78.0,47.0,1.5714285714285714,1.5,1.1428571428571428,2.0,1.625,1.75,2.0,2.0,1.8571428571428568,0.9166666666666666
0,1,2,0,4.0,0,da,3,3,7,1,"Vrtec je v vseh pogledih pozitiven vpliv na otroka predvse, če je strokovno osebje (vzgojitelji, pomočniki in ostalo osebje vrtca) profesionalno in strokovno. Se pa žal še vedno prepogosto dogaja, da se z otroci za zaprtimi vrati dogaja marsikaj. Nujno bi bilo potrebno uvesti psihološke teste za vse, ki dalajo direktno z otroci (moje mnenje, da ni vsak primeren za delo v VIZ). Hvala.",87.0,19.0,2.0,1.625,1.7142857142857142,1.6,2.0,2.0,1.0,1.6666666666666667,2.0,1.8333333333333333
0,1,2,2,7.0,2,da,0,3,7,1,,83.0,15.0,1.3571428571428572,1.375,1.5714285714285714,1.0,2.0,1.25,0.5,1.6666666666666667,1.8571428571428568,1.3333333333333333
1,1,1,1,4.0,0,da,0,3,2,1,,85.0,53.752508361204015,1.0,1.0,1.0,1.0,1.0,1.0,0.8575310559006211,1.0,1.0,1.0
0,1,3,2,4.0,0,da,3,3,7,1,,90.0,23.0,1.3571428571428572,1.25,1.7142857142857142,1.8,2.0,2.0,1.25,2.0,2.0,2.0
0,1,2,3,5.0,1,da,3,3,7,1,,88.0,20.0,1.0,0.625,1.1428571428571428,0.6,1.0,0.75,-0.75,0.3333333333333333,1.0,0.8333333333333334
0,1,2,2,4.0,1,da,3,3,7,1,"Rubrike so nas zanimale, seveda so vse tudi uresničene, če je vzgojitelj/vzgojiteljica tudi dovolj strokoven/strokovna. Žal je po vrtcih - sploh javnih - čedalje več slabih izkušenj. Razlika je namreč v tem ali otroka res vzgajaš, učiš, vodiš ali ga v bistvu komandiraš in mu s tem onemogočaš ""zdrav"" razvoj. kako naj leti, če mu že od zgodnjega otroštva ""režeš peruti"". Vse premalo se tako v vrtcih kot tudi v šolah resnično posvečajo otrokom, ker imajo žal drugačne interese. Premalokrat se otroka vpraša za mnenje, oni so tisti, ki preživljajo veliko časa v vrtcih in šolah. Vprašajmo njih in se skupaj pogovarjajmo ter ""rešujemo"" stiske.",80.0,18.0,2.0,2.0,2.0,2.0,2.0,2.0,2.0,2.0,2.0,1.8333333333333333
0,1,2,2,4.0,0,da,3,3,7,1,,82.0,13.0,1.2857142857142858,0.75,1.2857142857142858,0.0,1.0,1.0,0.25,0.5,1.2857142857142858,0.75
1,0,2,2,4.0,1,da,3,3,7,1,"Šola oz. vrtci naj imajo vzgojno izobraževalno poslanstvo, ter ohranjajo preverjene stare prakse in naj ne podležejo digitalizaciji na vsakem koraku.",79.0,30.0,1.4285714285714286,1.25,0.7142857142857143,0.8,1.875,1.75,0.5,1.6666666666666667,1.8571428571428568,1.0
1,1,2,1,3.0,0,da,3,3,7,1,,78.0,11.0,1.0714285714285714,0.25,1.0,0.6,0.875,1.25,0.0,0.5,1.4285714285714286,1.0
0,1,2,2,4.0,1,da,3,3,7,1,/,87.0,14.0,2.0,2.0,2.0,2.0,1.6619230769230768,2.0,1.75,-0.1666666666666666,1.2857142857142858,0.75
0,1,1,1,5.0,2,da,2,3,7,1,,88.0,32.0,2.0,2.0,2.0,2.0,2.0,2.0,2.0,2.0,0.8571428571428571,0.9166666666666666
0,1,1,1,2.0,0,da,0,3,7,1,,83.0,11.0,1.7142857142857142,1.125,1.1428571428571428,1.0,1.0,1.0,1.0,1.0,1.0,0.4166666666666667
0,1,3,3,3.0,0,da,2,3,7,1,,82.0,14.0,1.2142857142857142,1.0,0.5714285714285714,0.4,0.625,0.75,0.0,0.8333333333333334,1.2857142857142858,0.6666666666666666
0,1,2,3,6.0,2,da,2,3,7,1,,82.0,13.0,1.0,0.625,0.5714285714285714,0.4,0.875,0.5,0.0,0.6666666666666666,1.0,1.0
0,1,2,2,4.0,1,da,3,3,7,1,,85.0,29.0,1.2857142857142858,0.75,1.5714285714285714,1.4,1.5,1.25,0.25,0.5,1.5714285714285714,1.0833333333333333
0,0,1,1,4.0,1,da,2,3,7,1,,86.0,30.0,1.0,1.0,1.0,1.0,1.0,1.0,1.0,1.0,0.7142857142857143,0.6666666666666666
1,0,1,1,3.0,0,da,1,3,2,1,,82.0,50.0,1.0,1.0,1.0,1.0,1.0,1.0,1.0,1.0,1.0,1.0
0,1,2,2,4.0,0,da,3,3,7,1,,84.0,27.0,1.7857142857142858,1.5,1.7142857142857142,1.8,2.0,1.5,1.0,1.8333333333333333,2.0,1.75
1,1,3,2,4.0,1,da,3,3,7,1,,81.0,37.0,1.4285714285714286,1.25,0.1428571428571428,0.6,1.625,1.25,0.25,0.6666666666666666,1.4285714285714286,1.8333333333333333
0,1,2,2,4.0,0,da,2,3,7,1,Ne.,79.0,23.0,2.0,2.0,2.0,2.0,2.0,2.0,2.0,2.0,2.0,2.0
0,1,2,2,3.0,0,da,3,3,7,1,/,90.0,28.0,1.7857142857142858,1.5,1.2857142857142858,1.0,1.5,2.0,0.75,1.8333333333333333,1.4285714285714286,1.0
1,1,2,1,4.0,0,da,3,3,7,1,,80.0,24.0,1.9285714285714288,1.5,1.4285714285714286,1.2,1.75,1.75,1.5,2.0,1.0,1.4166666666666667
1,1,1,2,4.0,0,da,3,3,7,1,,81.0,17.752508361204015,1.2857142857142858,0.9151244167962675,1.7142857142857142,1.6,1.75,1.5,1.25,1.8333333333333333,1.0,0.25
0,1,1,2,4.0,0,da,3,3,7,1,,85.0,11.0,1.1428571428571428,1.0,1.0,1.0,1.0,1.0,1.0,1.0,0.7142857142857143,1.0833333333333333
0,1,2,2,3.0,0,da,1,3,7,1,,77.0,11.0,1.2142857142857142,0.875,1.1428571428571428,0.8,1.25,1.25,0.0,1.0,1.0,0.9166666666666666
0,1,1,1,4.0,0,da,1,3,2,1,,82.0,14.0,1.0714285714285714,1.0,1.0,0.6,0.875,0.25,0.5,1.0,2.0,0.8333333333333334
1,0,2,2,5.0,2,da,3,3,7,1,"Smiselno in eko bi bilo uporabiti e-vprašalnik. Vprašanja so na nivoju, po vprašalniku pa ostane vse nespremenjeno, ker niso zastavljena v duhu sprememb. Strinjam se, da spremembe in odkrivanje tople vode ni potrebno, vključno s takim vprašalnikom in podobnimi (kako si otrok želi v šolo - kolo,...), ker je toliko omejitev za realizacijo. Otrokom naj se v garderobah in seznamih vrne imena in naj ne bodo znakci.",85.0,29.0,1.1428571428571428,0.375,1.1428571428571428,0.2,1.25,1.5,-0.25,1.3333333333333333,1.7142857142857142,1.3333333333333333
0,1,2,1,4.0,1,da,3,3,7,1,,85.0,16.0,2.0,1.625,2.0,1.8,2.0,2.0,2.0,2.0,2.0,1.75
0,1,1,0,3.0,1,da,2,3,7,1,,88.0,13.0,2.0,2.0,1.5714285714285714,2.0,2.0,2.0,1.75,2.0,1.8571428571428568,1.8333333333333333
0,1,2,1,4.0,0,da,3,3,7,1,,86.0,30.0,1.4285714285714286,1.375,1.7142857142857142,1.4,1.625,2.0,0.0,1.3333333333333333,1.7142857142857142,0.5
0,1,1,2,4.0,1,da,3,3,7,1,,92.0,11.0,2.0,1.75,1.7142857142857142,1.2,1.75,2.0,1.0,1.8333333333333333,1.4285714285714286,0.9166666666666666
0,1,2,1,3.0,0,da,3,3,7,1,,90.0,22.0,2.0,1.25,1.7142857142857142,1.6,2.0,1.25,1.5,1.0,1.1428571428571428,1.0833333333333333
1,1,3,1,4.0,1,da,3,3,7,1,V19 - preveč splošnoin ni navedeno na katero vgojiteljico se nanašajo vpršanja?,87.0,30.0,1.4285714285714286,1.25,-0.4285714285714285,0.0,0.375,1.75,-1.0,-0.3333333333333333,0.5714285714285714,0.3333333333333333
1,1,1,1,4.0,1,da,3,3,7,1,,88.0,13.0,1.8571428571428568,0.375,0.0,0.0,0.5,0.25,0.0,0.0,0.7142857142857143,0.4166666666666667
1,1,2,1,3.0,0,da,3,1,7,1,,89.0,15.0,1.2142857142857142,0.25,1.0,0.2,0.875,1.0,0.5,0.1666666666666666,0.8571428571428571,1.3333333333333333
0,1,2,2,5.0,1,da,3,3,7,1,,86.0,57.0,2.0,1.25,0.8571428571428571,0.6,0.625,1.0,0.5,0.5,1.1428571428571428,0.5833333333333334
0,1,2,2,4.0,0,da,3,3,7,1,,90.0,22.0,1.7142857142857142,1.25,1.4285714285714286,1.2,1.625,1.75,-0.5,1.1666666666666667,1.2857142857142858,1.5833333333333333
1,1,3,3,5.0,1,da,3,3,7,1,,83.0,26.0,2.0,2.0,2.0,2.0,2.0,2.0,1.5,2.0,1.7142857142857142,0.75
0,1,3,3,5.0,2,da,3,3,7,1,,83.0,26.0,2.0,2.0,2.0,2.0,2.0,2.0,1.5,2.0,1.7142857142857142,0.75
1,1,2,1,5.0,1,da,3,3,7,1,,85.0,16.0,1.8571428571428568,2.0,0.5714285714285714,1.0,1.25,1.0,0.5,1.1666666666666667,2.0,0.5833333333333334
1,0,2,1,5.0,2,da,3,3,7,1,,85.0,16.0,1.8571428571428568,2.0,0.5714285714285714,1.0,1.25,1.0,0.5,1.1666666666666667,2.0,0.5833333333333334
0,1,2,2,5.0,2,da,3,3,7,1,,84.0,15.0,1.5,1.0,0.7142857142857143,0.8,0.5,1.5,-0.25,1.1666666666666667,1.2857142857142858,1.5833333333333333
0,1,2,2,2.0,0,da,3,3,7,1,,86.0,13.0,2.0,2.0,2.0,2.0,2.0,2.0,2.0,2.0,2.0,2.0
1,1,0,0,4.0,1,da,0,3,7,1,,87.0,42.0,1.7857142857142858,1.125,1.8571428571428568,1.4,1.625,1.0,1.75,2.0,2.0,1.25
0,1,2,2,5.0,1,da,3,3,7,1,,82.0,11.0,2.0,2.0,1.5714285714285714,2.0,2.0,1.25,0.75,2.0,2.0,2.0
0,0,2,2,4.0,1,da,3,3,7,1,,85.0,30.0,1.9285714285714288,1.5,1.2857142857142858,1.2,1.75,1.5,0.5,1.0,0.8571428571428571,1.1666666666666667
1,0,2,1,6.0,1,da,3,3,7,1,,87.0,11.0,2.0,2.0,2.0,1.0,1.0,1.5,0.5,1.0,1.8571428571428568,1.0
1,1,2,1,5.0,0,da,3,3,7,1,,84.0,27.0,1.9285714285714288,2.0,1.7142857142857142,1.6,1.75,1.75,1.5,1.8333333333333333,1.7142857142857142,1.4166666666666667
0,1,1,1,4.0,0,da,3,3,7,1,,83.0,38.0,1.2857142857142858,0.875,0.1428571428571428,0.8,0.875,1.75,1.0,0.0,1.4285714285714286,1.1666666666666667
1,1,2,1,4.0,1,da,3,3,7,1,,80.0,24.0,2.0,2.0,2.0,2.0,2.0,2.0,2.0,2.0,2.0,2.0
1,1,2,2,4.0,0,da,0,3,7,1,,77.0,22.0,0.7142857142857143,1.125,2.0,2.0,2.0,2.0,2.0,2.0,1.1428571428571428,1.0833333333333333
1,1,2,1,4.0,1,da,3,3,7,1,,86.0,18.0,1.9285714285714288,1.75,1.8571428571428568,1.8,2.0,2.0,2.0,1.5,1.8571428571428568,1.75
1,1,2,1,5.0,1,da,3,3,7,1,,86.0,18.0,2.0,1.75,1.8571428571428568,1.8,2.0,2.0,2.0,1.5,1.8571428571428568,1.75
1,1,2,1,6.0,2,da,3,3,7,1,,83.0,14.0,2.0,2.0,2.0,2.0,2.0,2.0,2.0,2.0,1.7142857142857142,1.8333333333333333
0,1,2,1,4.0,0,da,3,3,7,1,,94.0,13.0,2.0,1.0,0.4285714285714285,1.4,1.625,1.0,0.5,1.3333333333333333,1.4285714285714286,1.4166666666666667
1,1,2,1,5.0,2,da,3,3,7,1,,78.0,34.0,2.0,1.5,2.0,1.8,2.0,2.0,1.5,2.0,1.8571428571428568,1.0833333333333333
1,1,2,2,6.0,1,da,3,3,7,1,"Otrokovo počutje v vrtcu je v veliki meri odvisno od vzgojiteljice-a, pa tudi od ostalih otrok v skupini (oz. okolja, iz katerega prihajajo). Moji otroci so se vedno dobro počutili v manjšem vrtcu, s preprostejšimi vrstniki in vzgojiteljicami. V velikem vrtcu imam občutek, da se ""izgubijo"" oz. da so ""številke"". Veliko pomeni, da je otrokom isti vzgojitelj več let.",82.0,12.5,2.0,1.75,1.8571428571428568,1.8,2.0,2.0,2.0,2.0,2.0,1.0
0,1,1,1,4.0,0,da,3,3,7,1,,87.0,53.0,2.0,2.0,2.0,1.2,2.0,2.0,1.5,1.5,1.7142857142857142,1.6666666666666667
1,1,2,2,5.0,0,da,3,3,7,1,,84.0,27.0,0.7142857142857143,0.125,0.7142857142857143,0.0,0.0,0.0,0.0,0.0,0.4285714285714285,0.6666666666666666
1,1,2,1,5.0,0,da,2,3,7,1,,85.0,30.0,2.0,2.0,2.0,2.0,2.0,2.0,2.0,2.0,2.0,2.0
1,1,2,1,4.0,0,da,3,3,7,1,,79.0,41.752508361204015,2.0,2.0,2.0,2.0,2.0,2.0,2.0,2.0,2.0,2.0
0,1,3,1,3.0,0,da,3,3,7,1,,81.0,13.0,1.2142857142857142,1.25,1.5714285714285714,0.8,1.875,1.25,0.25,1.5,1.5714285714285714,1.25
1,1,1,1,4.0,0,da,0,3,8,1,,93.0,25.0,2.0,1.75,2.0,1.6,2.0,2.0,1.5,2.0,2.0,2.0
0,1,2,1,3.0,0,da,0,3,7,1,,90.0,12.0,1.3571428571428572,1.375,1.4285714285714286,1.0,1.375,1.25,1.0,1.1666666666666667,1.8571428571428568,1.4166666666666667
1,1,2,2,4.0,1,da,3,3,7,1,,82.0,13.0,2.0,1.75,1.5714285714285714,1.6,2.0,2.0,0.5,1.6666666666666667,1.8571428571428568,0.3333333333333333
1,1,2,1,2.0,0,da,3,3,7,1,,80.0,11.0,2.0,1.5,1.5714285714285714,0.6,1.0,1.4776545422856957,0.9683304520402278,1.2601456688642612,1.4609007618132228,0.9166666666666666
0,1,1,2,4.0,0,da,3,3,7,1,,88.0,12.0,0.9285714285714286,0.375,0.5714285714285714,0.8,1.625,1.5,-0.5,1.0,1.2857142857142858,1.0
1,1,1,0,4.0,0,da,3,1,7,1,,85.0,28.0,2.0,2.0,2.0,2.0,2.0,2.0,2.0,2.0,1.1428571428571428,1.9166666666666667
0,1,2,1,4.0,0,da,3,3,7,1,,83.0,15.0,2.0,1.625,1.0,1.4,1.875,2.0,1.0,2.0,1.7142857142857142,1.5
1,1,2,2,3.0,0,da,0,0,7,1,,81.0,15.0,2.0,2.0,2.0,2.0,2.0,2.0,2.0,2.0,2.0,1.9593653250773997
0,1,2,2,4.0,0,da,3,1,7,1,,87.0,30.0,0.9285714285714286,0.75,0.7142857142857143,0.8,1.75,1.0,0.75,1.0,1.7142857142857142,0.5833333333333334
0,1,3,3,5.0,0,da,2,3,7,1,"Ne nastavljate dejstva, da otroke v vrtec vključujemo (predvsem) zato, ker nam v skrbi za to, da družino preskrbimo, ne ostane druge možnosti. Če sta oba starša zaposlena, starih staršev ali baruške pa ni, potem otrok pač mora v vrtec. Sama menim, da bi večino veščin in spretnosti lahko otrok razvil tudi brez vključevanja v vrtec - z izjemo navajanja na življenje s sovrstniki v urejeni skupnosti, reševanja konfliktov v njej in razvijanja odnosov s sovrstniki. Vprašalnik tudi ne ponudi možnosti, da iraziš, da so vzgojitelji različni; nekateri super komunicirajo, vidijo otroka, drugi niti ne. Tudi glede bogastva besednega zaklada in gibalnih spretnosti so eni boljši, drugi slabši. Najpomembnejše se mi zdi, da jim je za otroke mar in da jih imajo radi oz. da jih ''vidijo''.",78.0,16.0,0.2142857142857142,0.625,0.8571428571428571,0.4,0.75,0.5,-0.5,0.8333333333333334,1.2857142857142858,0.9166666666666666
1,0,2,3,5.0,1,da,0,3,5,1,,82.0,26.0,1.0,0.25,0.4285714285714285,0.6,0.625,0.75,0.25,0.3333333333333333,0.7142857142857143,0.25
1,0,2,1,4.0,1,da,3,3,7,1,,82.0,27.0,2.0,1.375,1.2857142857142858,1.4,1.75,2.0,1.0,1.6666666666666667,1.4285714285714286,0.6666666666666666
0,1,1,1,3.0,1,da,0,3,7,1,Osnova za vse to so starši z njihovo podporo pa imajo vzgojiteljice uspeh za vsa naša vprašanja.,89.0,20.0,1.0,1.0,1.0,1.0,1.0,1.0,1.0,1.0,1.0,1.0
1,1,2,2,4.0,0,da,2,3,7,1,"Vse (oz. večina) trditev sicer drži, vendar… v kolikor stari starši (torej babice in dedki) ne bi še vsi hodili v službo, bi otroka zaradi vseh naštetih trditev še vedno vpisala v vrtec, vendar ne pri rosnih 11-mesecih starosti. Moja hči niti še hodila ni, se mi zdi prezgodaj. Kakšno leto bi še počakala. Torej na tej točki želim poudariti, da je poglavitni razlog vpisa v vrtec v prvi vrsti dejstvo, da stari starši še hodijo v službo in na tem področju ne morejo priskočiti na pomoč mladim.",82.0,14.0,2.0,2.0,1.5714285714285714,1.6,2.0,2.0,1.0,2.0,2.0,2.0
0,0,1,0,2.0,1,da,3,2,7,1,,93.0,14.0,1.7857142857142858,0.75,1.0,1.0,1.0,1.0,1.0,1.0,1.2857142857142858,1.3333333333333333
0,1,1,0,7.0,2,da,3,3,0,1,,93.0,53.752508361204015,2.0,1.875,1.8571428571428568,0.8,1.0,2.0,1.0,2.0,1.7142857142857142,2.0
1,1,2,2,4.0,0,da,3,3,7,1,,82.0,14.0,1.5,1.125,1.7142857142857142,2.0,2.0,2.0,2.0,2.0,1.8571428571428568,2.0
1,1,2,3,4.0,1,da,0,3,5,1,,86.0,29.75250836120401,2.0,1.25,2.0,1.6,1.25,1.5,1.5,1.6666666666666667,2.0,2.0
0,1,0,0,4.0,2,da,3,3,2,1,,79.0,29.75250836120401,2.0,1.125,1.4285714285714286,1.0,1.5,1.0,0.75,1.5,1.5714285714285714,1.25
1,1,1,1,7.0,0,da,1,3,5,1,,88.0,20.0,1.3571428571428572,0.875,0.8571428571428571,0.8,2.0,1.5,1.0,1.1666666666666667,1.4285714285714286,1.5
0,1,1,0,4.0,1,da,3,0,8,1,,83.0,16.0,2.0,1.875,2.0,2.0,2.0,2.0,2.0,2.0,2.0,2.0
0,1,3,3,4.0,0,da,3,3,7,1,,89.0,21.0,2.0,2.0,2.0,2.0,2.0,2.0,2.0,2.0,1.7142857142857142,1.0
1,1,2,2,3.0,0,da,3,3,7,1,,87.0,11.0,2.0,2.0,2.0,2.0,2.0,2.0,1.5,1.6666666666666667,2.0,2.0
1,1,2,2,4.0,1,da,2,3,7,1,"Prvi odgovor na vprašanje, zakaj smo se odločili za vpis otroka v vrtec je, da druge možnosti niti nismo imeli. Opcije, da bi otrok ostal doma pri sorodnikih pač ni bilo, torej je bila vključitev v vrtec nuja, šele temu so se priključili vsi ostali razlogi.",87.0,11.0,0.9285714285714286,0.125,1.0,0.8,1.125,1.0,0.75,1.0,1.0,0.4166666666666667
1,1,1,2,3.0,0,da,1,3,7,1,,77.0,11.0,2.0,1.75,1.7142857142857142,1.6,1.875,2.0,1.0,1.1666666666666667,1.0,1.1666666666666667
0,1,2,2,4.0,1,da,3,2,7,1,,89.0,15.0,2.0,1.625,1.4285714285714286,1.6,2.0,2.0,1.0,1.5,1.7142857142857142,1.3333333333333333
1,1,2,1,5.0,0,da,3,3,7,1,,80.0,29.75250836120401,1.3571428571428572,0.75,0.4285714285714285,0.8,-0.0499999999999999,-0.25,-0.25,0.1666666666666666,1.5714285714285714,0.4166666666666667
1,1,3,2,2.0,0,da,3,3,7,1,,84.0,12.0,2.0,1.625,1.5714285714285714,1.6,2.0,2.0,1.0,1.5,1.7142857142857142,1.0833333333333333
0,1,2,3,4.0,0,da,3,3,7,1,,89.0,11.0,0.9285714285714286,1.125,1.7142857142857142,0.4,1.75,1.0,1.5,2.0,2.0,0.9166666666666666
0,0,2,2,5.0,0,da,3,3,3,1,,90.0,11.0,1.9285714285714288,0.875,1.7142857142857142,1.2,1.0,1.75,0.0,1.8333333333333333,1.4285714285714286,0.75
1,1,2,2,4.0,1,da,1,3,7,1,"Odgovor ''strinjam se'' bi veljal za idealne okoliščine vrtca, kjer bi učiteljica dejansko imela proste roke pri sooblikovanju programa skupaj s starši in v skladu z željami (oz. potrebami) otrok. V realnosti ni čisto tako, ampak so (v javnih vrtcih) vzgojiteljice bolj ali manj kreativne v soustvarjanju programa, vendar ne s starši, ampak v okviru možnosti, ki jih ponuja vrtec in jim je naklonjeno vodstvo vrtca. Starši pri tem večinoma nismo vključeni, ampak samo obveščeni.",85.0,16.0,1.5,0.5,0.8571428571428571,0.8,0.75,1.25,0.25,0.5,1.4285714285714286,0.9166666666666666
1,1,3,2,4.0,0,da,2,3,7,1,,84.0,11.0,0.4285714285714285,0.75,0.8571428571428571,1.0,1.0,0.5,1.0,0.6666666666666666,1.1428571428571428,0.6666666666666666
1,1,1,1,3.0,0,da,3,3,7,1,,84.0,15.0,1.6428571428571428,1.5,1.0,1.2,1.25,2.0,0.5,1.6666666666666667,1.2857142857142858,1.5833333333333333
0,1,1,1,4.0,1,da,2,3,7,1,,85.0,17.0,2.0,2.0,1.7142857142857142,1.8,2.0,2.0,1.5,1.8333333333333333,1.7142857142857142,1.5
1,1,2,1,4.0,1,da,3,3,7,1,,84.0,16.0,2.0,1.5,1.7142857142857142,1.0,1.875,2.0,1.0,1.0,2.0,1.5
1,1,1,1,3.0,0,da,3,3,7,1,,88.0,33.0,0.1428571428571428,0.25,-0.1428571428571428,1.0,-0.5,-0.5,-1.0,-1.0,1.0,0.5
0,1,3,2,4.0,1,da,3,3,7,1,"Da. Po naših izkušnjah z vrtcem Rožnik v Ljubljani bi bila takšna raziskava lahko osnova za predloge, kako naprej izboljšati osnove šole. Vrtec je namreč 100 let pred šolami s svojim načinom dela, izobraževanjem vzgojiteljic in njihovim zanimanjem za delo z otroki. Lahko jih opazujete in način dela vrtca Rožnik predlagate za smernice, ki jih nato preko ministrstva pošljete še malo v šolo :). Predvsem v višje razrede, ker za prvičke je super poskrbljeno. Hvala!",86.0,13.0,2.0,2.0,2.0,2.0,2.0,2.0,2.0,2.0,2.0,2.0
1,1,3,3,4.0,1,da,3,3,8,1,,81.0,17.752508361204015,1.0,0.625,0.0,0.2,0.625,1.0,0.5,0.3333333333333333,1.0,0.8333333333333334
0,1,1,1,4.0,0,da,1,3,7,1,,86.0,18.0,2.0,1.625,1.8571428571428568,1.6596923076923076,1.875,2.0,1.5,2.0,1.7142857142857142,1.0
0,0,2,1,6.0,2,da,2,3,7,1,,87.0,15.0,0.7142857142857143,0.625,0.2857142857142857,0.8,1.0,1.0,0.5,0.8333333333333334,0.8571428571428571,0.5833333333333334
1,1,2,1,4.0,0,da,3,3,7,1,Ne.,84.0,16.0,2.0,2.0,2.0,2.0,2.0,2.0,2.0,2.0,1.8571428571428568,2.0
1,1,3,3,3.0,1,da,0,3,5,1,,87.0,41.0,1.5,1.0,1.0,1.6,2.0,2.0,0.5,1.5,1.2857142857142858,0.75
0,1,2,2,4.0,0,da,2,3,7,1,,85.0,11.0,1.6428571428571428,1.125,1.4285714285714286,1.6,2.0,2.0,0.5,1.6666666666666667,2.0,1.6666666666666667
1,0,1,1,4.0,0,da,3,2,7,1,,84.0,17.0,2.0,1.0,1.1428571428571428,1.0,1.75,2.0,1.0,2.0,1.5714285714285714,1.0
0,1,2,3,4.0,0,da,3,0,9,1,,81.0,36.0,2.0,2.0,1.8571428571428568,1.0,2.0,1.0,1.0,1.0,1.8571428571428568,2.0
0,1,1,1,4.0,0,da,0,3,7,0,,94.0,17.0,1.183377020532984,0.9151244167962675,1.1428571428571428,0.9006153846153847,1.25,2.0,2.0,0.6666666666666666,0.8571428571428571,1.0833333333333333
1,0,3,3,4.0,0,da,3,3,8,1,,83.0,24.0,1.9285714285714288,2.0,1.4285714285714286,1.6,1.625,1.75,1.3534883720930233,1.8333333333333333,1.5714285714285714,1.0833333333333333
1,1,3,3,4.0,1,da,3,3,7,1,"Morda bi bilo bolje, da bi povpraševali o dejstvu in pričakovani izkušnji otroka v vrtcu. Na ta način bi prejeli odgovore, kaj bi vrtec kot inštitucija še lahko pripomogel za boljši razvoj otrok. Sicer pa morda niti ni toliko odvisno od samega vrtca, kot je od posameznih vzgojiteljic. Naša izkušnja je v istem vrtcu (druga enota) popolnoma drugačna, med enim in drugim otrokom.",87.0,43.0,0.6428571428571429,0.25,0.1428571428571428,0.8,0.5,0.25,0.5,0.0,1.5714285714285714,0.6666666666666666
1,1,2,1,3.0,0,da,3,3,7,1,,79.0,13.0,2.0,2.0,2.0,2.0,2.0,2.0,2.0,2.0,2.0,1.5
0,1,1,1,5.0,2,da,3,3,8,1,"Za celostni razvoj otroka je v prvi vrsti potrebna vzgoja doma, ki se nato nadaljuje v vrtcu in šoli, vsekakor mislim, da z vzajemnim sodelovanjem in dobrobit otroka.",79.0,11.0,2.0,1.25,1.0,0.6,1.75,2.0,0.5,1.1666666666666667,1.5714285714285714,0.75
1,1,3,3,4.0,1,da,3,3,7,1,Da - niso vse vzgojiteljice enake. Otrok ''zamenja'' cca. 5 vzgojiteljic in razlike med njimi so zelo velike.,85.0,29.0,2.0,1.5,1.2857142857142858,0.6,1.125,1.5,0.0,0.1666666666666666,0.7142857142857143,0.1666666666666666
1,1,1,1,4.0,1,da,1,3,2,1,,84.0,35.0,1.5,0.875,1.2857142857142858,1.0,6.625,1.0,0.75,1.1666666666666667,1.1428571428571428,1.0833333333333333
1,1,3,3,3.0,0,da,3,3,7,1,,85.0,29.0,2.0,1.75,1.7142857142857142,1.6,2.0,2.0,2.0,1.1666666666666667,2.0,1.75
1,1,3,3,5.0,2,da,3,3,7,1,,80.0,12.0,0.9285714285714286,0.875,1.2123104687737456,0.4,0.625,1.25,-0.5,0.6666666666666666,1.0,0.5833333333333334
0,1,2,1,4.0,0,da,3,3,7,1,,79.0,11.0,2.0,2.0,2.0,2.0,2.0,2.0,2.0,2.0,1.7142857142857142,1.5
0,1,1,1,4.0,1,da,0,0,7,1,,89.0,24.0,1.5,1.6875,0.4285714285714285,0.4,1.225,1.25,0.75,1.0,2.357142857142857,0.9751291989664084
0,1,2,2,3.0,1,da,3,3,7,1,,78.0,1.0,2.0,2.0,2.0,1.2,1.875,2.0,2.0,1.8333333333333333,1.7142857142857142,1.6666666666666667
1,1,1,1,4.0,1,da,0,3,8,1,,88.0,20.0,2.0,1.5,2.0,2.0,2.0,2.0,2.0,2.0,2.0,2.0
0,0,1,2,5.0,2,da,0,3,9,1,,79.0,56.0,1.2857142857142858,0.625,0.8571428571428571,1.0,0.75,1.25,1.25,1.1666666666666667,1.2857142857142858,1.25
0,1,2,1,5.0,1,da,2,3,7,1,,87.0,11.0,1.7857142857142858,1.75,1.1428571428571428,1.8,1.875,1.75,1.5,2.0,1.4285714285714286,1.5
0,1,1,1,6.0,1,da,0,3,0,1,/,81.0,51.0,1.1428571428571428,0.125,0.0,0.6,1.5,1.25,0.75,0.5,0.5714285714285714,0.0833333333333333
1,0,0,0,4.0,1,da,0,3,5,1,,87.0,34.0,1.5714285714285714,1.0458333333333334,1.0,1.0,1.0,1.0,1.0,1.0,2.0,1.5833333333333333
1,1,1,1,4.0,1,da,0,3,7,1,,80.0,11.0,1.5,0.625,0.8571428571428571,0.6,1.0,1.0,0.5,1.0,1.2857142857142858,0.9166666666666666
1,0,2,3,3.0,0,da,2,3,9,1,,92.0,36.0,0.9544957339750602,0.75,0.5714285714285714,1.0,0.75,1.5,1.0,0.8333333333333334,0.8571428571428571,0.5833333333333334
1,0,1,1,4.0,0,da,3,3,7,1,,80.0,11.0,2.0,1.5,1.8571428571428568,1.0,1.375,1.25,0.0,0.0,1.4285714285714286,0.5833333333333334
0,1,3,3,4.0,1,da,0,3,9,1,,91.0,47.0,0.7142857142857143,0.125,1.1428571428571428,0.6,2.0,2.0,0.0,1.0,1.4285714285714286,0.0833333333333333
0,1,1,1,3.0,0,da,3,3,7,0,,96.0,11.0,2.0,1.625,1.5714285714285714,1.6,1.875,2.0,1.0,1.6666666666666667,1.5714285714285714,1.5
1,1,2,1,4.0,1,da,3,3,7,1,,81.0,15.0,2.0,1.75,1.7142857142857142,1.6,1.375,2.0,1.0,1.6666666666666667,1.7142857142857142,3.489130434782609
0,1,1,1,4.0,0,da,2,3,5,1,,86.0,18.0,1.7142857142857142,1.5,1.7142857142857142,1.2,1.875,2.0,0.25,1.1666666666666667,2.0,1.9166666666666667
0,1,1,1,4.0,0,da,0,3,2,1,,83.0,56.0,2.0,1.0,1.2284832451499117,1.0,1.5645285935085007,1.25,1.0,2.0,2.0,1.5
0,1,2,1,4.0,1,da,2,3,7,1,,84.0,24.0,1.5714285714285714,0.875,0.4285714285714285,1.0,0.75,0.25,0.0,1.0,-0.1428571428571428,-0.25
0,1,1,1,4.0,1,da,3,3,7,1,,91.0,17.752508361204015,2.0,2.0,2.0,1.8,2.0,2.0,0.5,1.8333333333333333,2.0,1.9166666666666667
1,1,2,1,4.0,1,da,3,3,5,1,,81.0,17.752508361204015,2.0,1.3015130670667705,1.3371750077599749,1.2921305072636342,1.489360853512029,1.4776545422856957,0.9683304520402278,1.2601456688642612,1.7625230573626178,1.6200519240798763
1,1,1,1,4.0,1,da,3,3,8,1,,82.0,26.0,0.6428571428571429,0.25,1.7142857142857142,1.2,1.0,1.25,1.25,0.6666666666666666,0.2857142857142857,0.1666666666666666
1,1,3,1,4.0,1,da,0,3,7,1,"Menim, da je vloga vrtca za otrokov nadaljni razvoj pomembna. Absolutno pogrešam (kakor tudi včasih v šoli) pristop, ki bi program vsaj delno prilagodil otrokovim trenutnimi sposobnostmi (nižjim in višjim) ter občutljivim obdobjem za posamezno področje (glej Montessorijina občutljiva obdobja). Seveda bi v tem primeru morala šola postati nadaljevanje vrtca in ne prekinitev vrtca in začetek šole (v smislu začetek novega življenja). Absolutni ni na mestu zavedanje, ki se ga predaja otroku, da se v vrtcu igraš, v šoli pa učiš in to se spremeni, v trenutku ko se ""nekdo"" tako odloči. Življenje je učenje.",80.0,17.752508361204015,-0.2142857142857142,-0.25,1.0,-0.4,1.375,0.75,-0.25,1.1666666666666667,0.9243566992014196,0.6947040498442368
0,0,0,0,5.0,2,da,2,3,0,1,,86.0,36.5,2.0,1.5,2.0,2.0,1.75,2.0,2.0,2.0,2.0,2.0
0,1,0,0,5.0,2,da,0,3,0,1,/,85.0,30.0,1.2142857142857142,0.5,1.1428571428571428,1.0,1.875,1.0,0.0,0.8333333333333334,0.5714285714285714,0.9166666666666666
0,1,1,1,3.0,0,da,2,3,7,1,,81.0,15.0,2.0,1.875,1.8571428571428568,1.8,2.0,2.0,0.5,2.0,2.0,2.0
1,1,2,1,3.0,0,da,3,3,7,1,,85.0,17.0,2.0,2.0,2.0,2.0,2.0,1.75,1.75,1.5,2.0,1.3333333333333333
1,1,1,1,4.0,0,da,0,3,0,1,/,82.0,30.0,1.326234163390127,0.5,1.0,1.6,2.0,1.5,0.25,1.1666666666666667,0.5714285714285714,0.6666666666666666
1,1,1,1,5.0,2,da,1,3,0,1,,79.0,68.0,1.0,0.875,1.0,1.0,1.0,1.0,0.5,0.6666666666666666,1.0,1.0
0,1,3,2,4.0,0,da,3,3,7,1,,87.0,14.0,1.5714285714285714,1.375,1.5714285714285714,1.4,1.75,2.0,1.25,1.5,2.0,1.75
0,1,2,1,4.0,1,da,3,3,7,1,,81.0,13.0,1.5714285714285714,1.375,0.8571428571428571,1.6,1.5,1.0,1.0,1.1666666666666667,1.1428571428571428,1.25
0,1,2,1,5.0,0,da,0,3,2,1,,84.0,15.0,1.0,1.0,1.0,1.0,1.0,1.0,1.0,1.0,2.0,1.0
0,1,1,1,3.0,0,da,0,3,7,1,,79.0,23.0,1.9285714285714288,1.625,2.0,1.0,2.0,1.5,2.0,1.0,2.0,1.4166666666666667
0,1,2,1,4.0,0,da,3,3,8,1,"V pogledu načrtovanje programa pomembno je ugotovit in upoštevat spolne razlike, ker mislim da je razlika med fanti in deklicami.",88.0,16.0,2.0,1.75,2.0,0.8,2.0,2.0,2.0,2.0,1.7142857142857142,2.0
1,0,2,2,4.0,0,da,1,3,7,1,,86.0,13.0,1.5,0.375,1.0,0.6,1.0,1.4776545422856957,0.9683304520402278,1.2601456688642612,1.4609007618132228,0.75
1,1,2,2,4.0,0,da,0,3,7,1,,84.0,28.0,2.0,1.75,1.7142857142857142,1.4,2.0,2.0,1.75,1.8333333333333333,2.0,1.5833333333333333
1,1,0,1,4.0,1,da,1,3,8,1,,82.0,36.0,2.0,2.0,2.0,2.0,2.0,2.0,2.0,0.1666666666666666,1.5714285714285714,1.3333333333333333
0,1,1,1,4.0,0,da,1,3,7,1,,82.0,13.0,2.0,1.875,1.7142857142857142,1.8,2.0,2.0,2.0,1.8333333333333333,2.0,1.8333333333333333
0,1,2,1,3.0,0,da,3,3,7,1,,78.0,17.752508361204015,1.2857142857142858,1.502948717948718,1.7142857142857142,2.0,2.0,2.0,2.0,1.0,1.0,0.5833333333333334
1,1,2,2,5.0,0,da,3,3,7,1,,86.0,33.0,1.0714285714285714,0.625,0.5714285714285714,0.6,1.0,1.0,0.75,0.8333333333333334,0.8571428571428571,0.8333333333333334
1,1,1,1,4.0,0,da,3,3,7,1,,85.0,64.0,1.0,0.625,0.5714285714285714,0.8,0.875,1.0,0.5,0.6666666666666666,0.8571428571428571,1.0
1,1,0,1,5.0,2,da,1,3,0,1,,79.0,29.75250836120401,1.3571428571428572,0.75,1.0,0.8,0.875,1.0,-0.5,1.0,1.4285714285714286,1.6666666666666667
0,0,0,2,4.0,0,da,0,3,0,1,,86.0,53.752508361204015,0.5714285714285714,0.375,1.0,0.8,0.125,0.25,0.0,0.0,-0.1428571428571428,-1.3333333333333333
1,1,2,2,4.0,1,da,3,3,7,1,,78.0,33.0,2.0,2.0,1.7142857142857142,1.6,1.625,2.0,1.0,0.1666666666666666,2.0,0.75
1,1,2,1,4.0,1,da,3,3,7,1,,79.0,11.0,2.0,1.875,1.8571428571428568,1.8,2.0,2.0,1.5,1.8333333333333333,2.0,2.0
1,1,2,1,4.0,0,da,3,3,7,1,,81.0,23.0,1.7142857142857142,1.125,1.0,1.0,1.0,1.0,1.0,1.0,1.5714285714285714,0.75
1,1,2,1,4.0,0,da,3,3,7,1,,89.0,11.0,1.0,0.75,1.0,0.0,1.0,1.0,0.5,0.0,1.2857142857142858,0.9166666666666666
1,1,2,2,4.0,1,da,3,3,7,1,,81.0,11.0,2.0,1.875,1.4285714285714286,1.0,1.625,2.0,1.0,0.5,2.0,1.5
0,1,3,2,4.0,0,da,3,3,7,1,,88.0,43.0,2.0,1.5,1.4285714285714286,0.8,1.625,1.5,0.75,1.1666666666666667,1.1428571428571428,0.6666666666666666
0,1,3,1,4.0,1,da,3,3,7,1,,91.0,11.0,1.5,1.375,0.8571428571428571,0.8,1.625,1.4776545422856957,0.9683304520402278,1.2601456688642612,1.4609007618132228,1.2065202122408356
0,1,1,0,4.0,0,da,3,3,7,1,,83.0,38.0,1.8571428571428568,1.375,1.0,0.8,1.375,1.25,0.5,0.8333333333333334,0.4285714285714285,1.0833333333333333
0,1,1,1,4.0,0,da,3,3,7,1,,82.0,53.752508361204015,2.0,1.875,1.5714285714285714,1.0,1.125,1.0,1.25,0.8333333333333334,1.7142857142857142,1.4166666666666667
1,1,2,1,4.0,1,da,3,3,7,1,,86.0,41.0,1.0,1.0,1.0,0.8,1.0,1.0,0.5,1.0,1.0,1.0
0,0,1,2,4.0,1,da,2,3,7,1,,91.0,16.0,1.0,1.0,1.0,1.0,1.0,1.0,1.0,1.0,-0.1428571428571428,-0.25
0,1,2,2,6.0,0,da,2,3,7,1,,83.0,26.0,2.0,1.875,1.4285714285714286,1.2,2.0,1.75,1.75,1.3333333333333333,1.7142857142857142,1.1666666666666667
1,1,2,0,4.0,0,da,3,3,7,1,,85.0,11.0,2.0,2.0,2.0,2.0,2.0,2.0,2.0,1.3333333333333333,2.0,0.75
0,1,1,1,3.0,0,da,2,3,7,1,,84.0,26.0,2.0,2.0,2.0,2.0,2.0,2.0,2.0,2.0,2.0,2.0
0,0,2,3,5.0,2,da,3,3,7,1,,87.0,40.0,1.1428571428571428,0.375,1.1428571428571428,1.0,1.25,1.25,0.25,1.0,0.8571428571428571,1.25
0,1,1,1,5.0,2,da,3,3,7,1,,84.0,38.0,2.0,2.0,2.0,2.0,2.0,2.0,2.0,2.0,2.0,2.0
1,1,3,2,5.0,1,da,3,3,7,1,,88.0,32.0,2.0,2.0,1.7142857142857142,1.4,1.625,1.25,0.5,1.8333333333333333,1.8571428571428568,1.3333333333333333
1,1,1,1,4.0,0,da,2,3,7,1,,82.0,25.0,1.7142857142857142,1.75,1.7142857142857142,0.6,1.25,1.0,1.0,0.1666666666666666,1.0,0.9166666666666666
1,0,1,1,4.0,1,da,3,3,7,1,,87.0,34.0,2.0,2.0,2.0,2.0,2.0,2.0,2.0,2.0,2.0,2.0
0,0,1,1,4.0,1,da,0,3,0,1,,87.0,53.752508361204015,1.8571428571428568,1.5,2.0,2.0,1.875,1.5,0.75,1.5,1.7142857142857142,1.6666666666666667
0,1,2,2,4.0,0,da,3,3,7,1,,82.0,14.0,1.5714285714285714,1.25,1.7142857142857142,1.6,2.0,2.0,1.25,1.8333333333333333,1.1428571428571428,1.3333333333333333
1,1,2,1,4.0,0,da,3,3,7,1,,85.0,30.0,2.0,2.0,1.7142857142857142,1.4,2.0,1.5,1.5,1.8333333333333333,1.7142857142857142,1.5833333333333333
0,1,2,1,4.0,1,da,2,3,7,1,,78.0,13.0,1.8571428571428568,1.25,1.4285714285714286,1.0,0.875,1.25,0.5,0.8333333333333334,1.4285714285714286,1.5833333333333333
0,1,1,1,5.0,1,da,3,3,7,1,,80.0,17.752508361204015,2.0,2.0,2.0,2.0,2.0,2.0,2.0,2.0,2.0,2.0
0,1,1,2,3.0,0,da,3,3,7,0,,84.0,40.0,1.6428571428571428,1.125,1.5714285714285714,1.0,1.0,2.0,1.5,1.8333333333333333,2.0,1.9166666666666667
1,1,3,1,3.0,0,da,3,3,7,1,,84.0,39.0,2.0,2.0,1.8571428571428568,1.8,2.0,2.0,2.0,2.0,2.0,2.0
0,1,2,2,4.0,1,da,2,3,7,1,,87.0,19.0,0.5,0.5,0.1428571428571428,0.2,0.25,0.0,0.0,-1.0,0.8571428571428571,1.0
0,1,1,1,4.0,1,da,2,2,7,1,,83.0,38.0,1.0714285714285714,0.5,0.8571428571428571,0.8,0.75,1.0,0.5,0.6666666666666666,0.7142857142857143,0.8333333333333334
1,1,3,3,5.0,1,da,3,3,7,1,,80.0,14.0,0.4285714285714285,0.5,1.2857142857142858,0.4,0.25,-0.5,-0.25,0.5,0.8571428571428571,0.0833333333333333
0,1,1,1,3.0,0,da,3,3,7,1,,86.0,42.0,1.2857142857142858,1.0,1.7142857142857142,1.4,2.0,1.5,1.5,2.0,1.8571428571428568,2.0
0,1,2,1,5.0,0,da,3,3,7,1,,82.0,14.0,2.0,1.75,1.7142857142857142,1.6,2.0,2.0,1.0,1.6666666666666667,2.0,1.6666666666666667
1,1,2,1,3.0,0,da,0,3,7,1,,87.0,19.0,1.7857142857142858,1.0,0.8571428571428571,1.6,2.0,2.0,1.0,1.6666666666666667,1.4285714285714286,0.9166666666666666
1,1,2,2,4.0,1,da,3,3,7,1,,81.0,36.0,1.4285714285714286,0.875,0.2857142857142857,-0.2,0.625,2.0,0.0,1.1666666666666667,1.4285714285714286,1.5833333333333333
0,1,2,2,4.0,0,da,3,3,7,1,,77.0,13.0,0.7857142857142857,0.625,2.0,2.0,1.875,0.5,1.25,2.0,1.8571428571428568,0.5833333333333334
1,1,1,1,5.0,0,da,3,3,7,1,,77.0,21.0,2.0,0.625,0.0,0.4,1.25,1.0,0.0,1.0,0.2857142857142857,0.5833333333333334
1,1,2,3,4.0,1,da,2,3,7,1,,87.0,30.0,2.0,2.0,1.8571428571428568,1.8,2.0,2.0,1.5,1.8333333333333333,2.0,1.6666666666666667
1,1,1,1,5.0,2,da,3,3,7,1,,81.0,49.0,2.0,2.0,1.8571428571428568,1.6,2.0,2.0,1.0,1.6666666666666667,1.8571428571428568,2.0
0,1,3,2,3.0,0,da,0,3,7,1,"ŽAL PRECEJ NERAZUMLJIV VPRAŠALNIK OZ. ZRLO DVOUMEN. PRECEJ NAPAK. Npr. ali sprašujete, če je pomembno, da vzgojiteljica dobro komunikacira in sodeluje s starši ali sprašujete, če jaz kot starš menim, da vzg. Dobro komunikacira in sodeluje s starši. Moj prvi odgovor je DA. Je zelo pomembno. Drugi odgovor --> žal ni (bilo) dobre komunikacije in sodelovanja s starši. Torej eno so želje, kar si za otroka želimo, drugo je realnost vrtcev.",79.0,34.0,1.7857142857142858,1.625,1.7142857142857142,0.8,1.0,1.25,0.5,0.8333333333333334,1.4285714285714286,1.3333333333333333
1,1,2,2,4.0,0,da,2,3,7,1,,86.0,18.0,1.2142857142857142,0.375,1.4285714285714286,0.6,1.5,1.25,1.5,0.6666666666666666,1.5714285714285714,0.9166666666666666
1,1,1,1,4.0,0,da,0,3,7,1,,79.0,34.0,1.4285714285714286,1.625,1.5714285714285714,1.2,1.625,1.5,1.25,1.6666666666666667,1.7142857142857142,1.75
0,0,0,1,4.0,0,da,0,3,2,1,,77.0,33.0,1.7857142857142858,1.375,1.7142857142857142,1.4,1.5,1.25,0.75,1.6666666666666667,1.1428571428571428,2.0
1,1,2,1,4.0,0,da,2,3,7,1,,82.0,14.0,2.0,2.0,1.8571428571428568,1.8,2.0,1.25,1.5,2.0,2.0,1.8333333333333333
0,1,2,3,4.0,1,da,2,3,7,1,,83.0,39.0,2.0,1.125,1.2857142857142858,2.0,1.0,2.0,1.0,1.3333333333333333,1.7142857142857142,1.6666666666666667
0,1,3,1,4.0,1,da,2,3,7,1,"V vrtec sem vpisala otroka predvsem zaradi varstva, nato nastopijo drugi dejavniki socializacije in razvoja otroka. Prav bi bilo ozaveščanje, da vrtec ni šola, zato se njegov program izvaja različno (od kraja, vzgojiteljic). V kolikor je vrtec uvod v šolo bi morali to povdariti, predstaviti in dopolniti učni načrt vrtca, npr. zadnjih dveh let... Naj pa ostanejo vrtci kot so, saj je po drugih državah najbrž mnogo slabše. Vse dobro.",86.0,11.0,1.0,1.375,1.2857142857142858,1.0,1.0,1.0,1.0,1.0,1.7142857142857142,0.3333333333333333
0,1,3,3,4.0,0,da,1,3,7,1,,88.0,11.0,2.0,1.875,2.0,1.0,2.0,1.0,2.0,1.0,2.0,1.6666666666666667
1,1,1,0,4.0,1,da,3,3,7,1,,77.0,11.0,2.0,1.125,2.0,0.6,1.0,1.0,0.0,1.0,1.0,1.0833333333333333
1,1,1,1,4.0,1,da,1,3,5,1,"Ne, hvala za delo vzgojiteljice v vrtcu in učiteljice v šoli.",91.0,34.0,2.0,2.0,2.0,2.0,2.0,2.0,2.0,2.0,2.0,2.0
1,1,2,2,5.0,0,da,3,3,7,1,,78.0,11.0,2.0,0.875,1.0,0.2,1.375,1.25,-0.5,0.0,1.7142857142857142,1.0833333333333333
0,0,1,2,4.0,0,da,1,3,7,1,,89.0,11.0,0.5,0.75,0.8571428571428571,1.4,1.125,1.5,0.0,1.0,1.4285714285714286,1.3333333333333333
0,1,2,1,4.0,1,da,3,3,7,1,"Vrtec naj spodbuja otrokov razvoj na konkretni ravni in otrokom omogoči čim več izkušenjskega učenja, učenja v naravi, več gibanja in sodelovalnega učenja, raziskovanja.",78.0,11.0,2.0,1.375,1.0,1.2,1.875,2.0,0.0,1.6666666666666667,1.2857142857142858,1.0833333333333333
0,1,1,1,3.0,0,da,3,3,7,1,,86.0,11.0,1.0,0.875,1.0,0.8,1.0,1.0,1.0,1.0,1.0,0.75
1,1,1,1,4.0,1,da,3,3,7,1,,86.0,41.0,2.0,2.0,2.0,2.0,2.0,2.0,2.0,1.5,1.5714285714285714,1.8333333333333333
1,1,1,1,5.0,2,da,0,3,2,1,,86.0,36.0,1.3571428571428572,1.375,1.2857142857142858,1.0,0.75,1.0,-0.5,1.0,2.0,2.0
1,1,1,1,6.0,1,da,1,3,8,1,"Pri izpolnjevanju vprašalnika sem v mislih imel deli, ki so ga opravljale vzgojiteljica Tjaša in Nives.",80.0,11.0,1.7857142857142858,1.25,1.5714285714285714,1.2,2.0,2.0,1.5,1.0,1.8571428571428568,1.9166666666666667
0,1,1,1,4.0,1,da,3,3,7,1,,90.0,11.0,1.5714285714285714,0.625,1.2857142857142858,0.8,1.875,1.0,0.5,2.0,1.7142857142857142,1.5
0,1,1,2,3.0,0,da,3,3,7,1,,77.0,21.0,2.0,1.875,1.8571428571428568,1.0,2.0,1.75,0.0,1.3333333333333333,0.4285714285714285,0.25
0,1,2,1,4.0,0,da,3,3,7,1,,77.0,32.0,2.0,1.875,2.0,1.6,2.0,2.0,1.0,2.0,2.0,2.0
0,0,2,1,3.0,0,da,3,3,7,1,,80.0,24.0,1.5714285714285714,1.25,1.2857142857142858,0.8,1.375,2.0,0.5,0.6666666666666666,1.2857142857142858,1.0
1,1,1,1,3.0,1,da,3,2,4,1,,83.0,53.0,2.0,2.0,2.0,2.0,2.0,2.0,1.25,0.4018691588785046,1.4285714285714286,1.0833333333333333
1,1,2,1,4.0,0,da,1,3,7,1,,82.0,25.5,2.0,1.875,1.8571428571428568,1.8,2.0,2.0,1.5,2.0,2.0,2.0
0,1,1,1,5.0,0,da,0,3,2,1,,83.0,36.0,1.0,1.0,1.0,0.8,0.75,1.0,0.5,1.0,0.7142857142857143,0.9166666666666666
0,1,2,1,4.0,1,da,3,3,7,1,,83.0,15.0,2.0,2.0,1.7142857142857142,1.6,2.0,2.0,1.0,1.6666666666666667,1.7142857142857142,2.0
1,0,1,1,4.0,1,da,2,3,2,1,,84.0,30.0,1.0,1.0,1.0,1.0,1.0,1.0,1.0,1.0,1.0,1.0
0,1,3,1,4.0,0,da,2,3,7,1,"Menim, da je vrtec zakon. :) Starši pa morajo zaupati tako vzgojiteljicam, kot kasneje tudi učiteljicam, ker če tega zaupanja ni, pride do nesporazumov. Otrok to energijo oziroma vez med starši in učitelji oz. vgojitelji čuti in prenaša.",77.0,33.0,2.0,2.0,2.0,2.0,2.0,2.0,2.0,2.0,2.0,2.0
0,1,2,1,4.0,1,da,3,3,7,1,,81.0,36.0,1.7142857142857142,1.5,0.7142857142857143,0.6,1.25,2.0,0.0,0.8333333333333334,1.7142857142857142,1.8333333333333333
1,1,1,1,4.0,0,da,3,3,2,1,,82.0,31.0,1.0,1.0,2.0,2.0,2.0,2.0,2.0,2.0,2.0,2.0
1,1,2,2,5.0,2,da,3,3,7,1,,79.0,23.0,1.9285714285714288,1.0,2.0,2.0,2.0,1.0,1.0,1.0,0.8571428571428571,1.0
0,1,2,1,5.0,1,da,3,3,7,1,,81.0,36.0,1.5714285714285714,1.125,1.2857142857142858,1.2,1.0,2.0,0.0,1.0,0.7142857142857143,0.6666666666666666
0,0,1,1,5.0,2,da,3,3,7,1,,80.0,24.0,2.0,1.375,1.7142857142857142,1.6,1.375,1.0,1.25,0.3333333333333333,1.4285714285714286,0.7958656330749353
0,1,2,1,4.0,0,da,3,3,7,1,,88.0,68.0,1.8571428571428568,1.625,1.2857142857142858,0.8,1.25,1.5,0.25,0.6666666666666666,1.4285714285714286,0.9166666666666666
1,1,1,1,5.0,1,da,3,3,7,1,,83.0,26.0,2.0,1.5,0.4285714285714285,0.4,1.0,2.0,1.0,0.6666666666666666,2.0,2.0
1,1,1,0,4.0,0,da,3,3,7,1,,82.0,17.0,2.0,1.625,1.0,1.0,1.375,1.5,1.25,1.0,1.0,1.0
0,1,1,1,4.0,0,da,2,3,7,1,,84.0,40.0,2.0,1.75,1.8571428571428568,1.8,2.0,2.0,1.5,2.0,2.0,2.0
0,1,1,1,1.0,0,da,1,3,7,1,,78.0,32.0,1.3266243710347845,0.5821153846153846,0.5714285714285714,1.0,1.125,1.0,0.75,0.5,0.8571428571428571,1.0
1,1,1,1,5.0,2,da,3,3,7,1,,88.0,17.752508361204015,2.0,1.625,1.7142857142857142,1.0,1.875,2.0,0.25,1.6666666666666667,1.7142857142857142,1.8333333333333333
1,0,1,1,4.0,0,da,3,3,7,1,,79.0,11.0,2.0,1.875,1.5714285714285714,1.4,2.0,2.0,0.75,1.0,1.8571428571428568,1.9166666666666667
0,1,2,1,4.0,0,da,3,3,7,1,,86.0,18.0,1.9285714285714288,1.0,2.0,1.8,2.0,2.0,0.5,1.1666666666666667,1.8571428571428568,0.5833333333333334
1,1,1,1,6.0,1,da,1,3,7,1,,84.0,11.0,2.0,1.875,2.0,2.0,2.0,2.0,2.0,2.0,2.0,2.0
1,1,1,2,6.0,0,da,3,3,7,1,,84.0,41.752508361204015,1.0,1.0,1.0,1.0,1.0,1.0,1.0,1.0,1.0,1.2065202122408356
1,1,3,1,5.0,0,da,0,3,7,1,,83.0,27.0,2.0,2.0,2.0,2.0,2.0,2.0,1.5,1.8333333333333333,1.7142857142857142,0.9166666666666666
1,1,1,1,4.0,1,da,3,3,7,1,,83.0,2.0,2.0,2.0,1.5714285714285714,1.8,1.25,1.25,1.0,1.1666666666666667,0.8571428571428571,1.75
1,1,2,1,4.0,1,da,3,3,7,1,,79.0,15.0,1.7142857142857142,1.25,1.0,1.2,1.625,2.0,1.0,1.8333333333333333,1.5714285714285714,1.25
0,1,2,1,5.0,1,da,3,3,7,1,,80.0,11.0,2.0,2.0,1.2857142857142858,0.0,1.25,0.5,0.5,0.8333333333333334,1.8571428571428568,1.1666666666666667
1,1,0,0,5.0,0,da,0,0,6,1,,97.0,41.0,2.0,1.0,2.0,2.0,2.0,1.0,1.0,1.0,1.0,1.0
0,1,3,2,5.0,1,da,3,3,7,1,,80.0,11.0,1.4285714285714286,1.125,1.1428571428571428,1.6,1.625,1.5,1.5,1.3333333333333333,1.8571428571428568,0.9166666666666666
0,1,2,1,4.0,1,da,3,3,7,1,,82.0,12.0,2.0,2.0,2.0,1.4,1.75,1.75,2.0,1.6666666666666667,1.2857142857142858,1.5
1,1,1,1,7.0,2,da,3,3,7,1,,82.0,17.0,1.0,0.925,1.2,1.0,1.0,1.0,0.25,1.0,1.0,1.0
0,1,2,1,3.0,0,da,3,3,7,1,,88.0,16.0,1.7142857142857142,1.25,1.4285714285714286,1.6,1.375,1.75,1.5,1.1666666666666667,1.2857142857142858,1.25
1,1,2,1,4.0,0,da,3,3,7,1,,89.75808823529411,11.0,1.4285714285714286,1.0,1.2857142857142858,1.4,2.0,1.5,1.0,1.5,0.7142857142857143,0.5
0,1,2,1,4.0,1,da,3,3,7,1,,77.0,17.752508361204015,2.0,1.875,2.0,2.0,2.0,2.0,2.0,2.0,1.7142857142857142,1.5833333333333333
0,1,2,2,4.0,1,da,3,3,7,1,,87.0,11.0,1.7857142857142858,1.5,1.4285714285714286,1.4,2.0,2.0,1.5,1.6666666666666667,2.0,1.75
1,1,2,3,5.0,1,da,3,3,7,1,,80.0,12.0,1.9285714285714288,1.75,1.7142857142857142,0.8,1.5,1.5,0.75,1.3333333333333333,2.0,1.25
0,0,1,2,5.0,2,da,3,1,7,1,,86.0,11.0,1.0,1.0,1.0,1.0,1.0,1.0,1.0,1.0,1.0,1.0
0,0,1,1,4.0,1,da,2,3,7,1,,89.75808823529411,15.0,2.0,1.0,1.0,1.0,1.0,1.0,1.0,1.0,1.0,1.0
0,1,3,2,4.0,0,da,3,3,7,1,,81.0,12.0,2.0,1.75,2.0,1.6,1.75,2.0,14.75,2.0,1.8571428571428568,1.3333333333333333
1,1,1,0,2.0,0,da,3,3,7,1,,85.0,18.0,2.0,2.0,2.0,2.0,1.875,2.0,2.0,2.0,2.0,2.0
1,1,2,1,4.0,1,da,1,3,7,1,,83.0,15.0,1.0,0.125,0.7142857142857143,0.2,1.0,1.0,0.0,-1.0,0.8571428571428571,0.25
0,1,2,1,4.0,1,da,3,3,7,1,,87.0,11.0,1.6428571428571428,1.5,1.7142857142857142,0.0,1.5,2.0,1.5,1.8780701754385964,1.7142857142857142,1.75
0,1,2,2,5.0,2,da,3,1,7,1,"Pri razumevanju vprašanj na nekaterih delih nisem bila čisto prepričana, da vem, kaj sprašujete oz. občutek sem imela, da so vprašanja pripravljena tako, da bo rezultat anket precej enak. Srečno!",80.0,17.752508361204015,2.0,1.75,1.7142857142857142,1.4712074303405571,2.0,2.0,0.5,1.5,1.8571428571428568,1.9166666666666667
0,1,2,1,4.0,0,da,3,3,7,0,"Pomembno nam je tudi, da se vzgojiteljica odzove tudi v skladu z njenimi čustvi in se kdaj ravna po instinktu in tudi otroka objame, pocarta ipd.",86.0,13.0,2.0,2.0,2.0,2.0,2.0,2.0,2.0,2.0,2.0,2.0
1,1,3,1,4.0,1,da,1,3,7,1,,81.0,13.0,1.7857142857142858,1.25,0.8571428571428571,1.0,1.875,2.0,1.0,1.8333333333333333,1.8571428571428568,1.75
0,1,1,1,6.0,1,da,0,3,7,1,,80.0,61.0,2.0,1.875,2.0,2.0,2.0,2.0,2.0,1.3333333333333333,1.8571428571428568,2.0
1,1,2,1,4.0,0,da,3,3,7,1,"Če bi imela še več otrok, bi vsakega vključila v vrtec z 11 meseci; ne bi ga imela sama doma ali v varstvu starih staršev. Le-ti si ""zaslužijo"" upokojitev in mir. Z mamo in očetom je vedno drugače kot pa če bi bili v varstvu vrtca. Mamo in očeta vedno izkoriščajo.",89.0,11.0,2.0,0.875,2.0,1.8,1.25,1.75,1.5,1.0,2.0,2.0
1,1,2,1,4.0,1,da,1,3,7,1,,82.0,13.0,1.9285714285714288,1.25,1.1428571428571428,0.2,1.0,1.75,1.0,0.6666666666666666,2.0,2.0
1,1,2,1,4.0,0,da,1,3,7,1,,86.0,30.0,1.0,0.875,1.0,0.8,1.0,1.0,0.5,0.8333333333333334,0.8571428571428571,0.9166666666666666
0,1,3,3,4.0,0,da,0,3,7,1,,80.0,11.0,2.0,1.75,1.2857142857142858,1.4,1.625,1.5,1.25,1.3333333333333333,1.7142857142857142,1.0833333333333333
1,1,1,1,2.0,0,da,3,3,7,1,,92.0,24.0,2.0,1.875,2.0,2.0,2.0,2.0,2.0,2.0,1.7142857142857142,1.4166666666666667
0,1,2,2,4.0,1,da,3,3,7,1,,87.0,18.0,2.0,2.0,2.0,0.6,2.0,1.0,0.5,2.0,2.0,1.1666666666666667
0,1,2,2,3.0,0,da,3,3,7,1,,94.0,14.0,1.5714285714285714,0.625,1.2857142857142858,0.8,1.375,1.5,1.25,1.6666666666666667,1.7142857142857142,0.5
1,1,2,1,4.0,0,da,3,3,7,1,"Z mojega stališča je vprašalnik sestavljen narobe. Otrok gre v vrtec, ker gredo starši v službo in ja, starši upamo na celostni razvoj otroka in njegovo dobro počutje v vrtcu. To sicer ne pomeni, da bi otroka imeli ves čas doma, če ne bi bili zaposleni, vendar če smo, alternative tako ali tako ni, zato je vprašanje ""Za vključitev otroka sem se odločil, ker"" neaclekvatno. Sicer je zame verjetno najpomembnejša nalooga vrtca socializacija, druženje z vrstniki in spoznavanje razlik med ljudmi. Za druge stvari so starši v tem obdobju zadostni, če imajo za otroka čas.",76.0,37.0,2.0,0.7901244167962675,1.2857142857142858,0.8,0.875,1.0,0.0,1.5,1.7142857142857142,0.75
1,1,2,2,4.0,1,da,3,3,7,1,"Otroka sem vključila v vrtec v večji meri zaradi varstva. Sem pa mnenja, da bi bilo lahko bistveno več sodelovanja vrtec-otrok-starši. Iz izkušenj starši nimamo vpliva na izboljšanje počutja otroka v vsakem vprašanju je bil odgovor vzgojiteljev, tako pač je in držimo se programa. vesela sem, da sem desetletno obdobje vrteca zapustila in menim, da je šola veliko bolj poslušala in komunikacija bolje vzpostavljena.",92.0,11.0,1.4694815138919275,1.0,0.4285714285714285,0.6,0.875,0.75,1.25,0.6666666666666666,1.5714285714285714,0.75
0,1,1,1,4.0,0,da,1,3,2,1,,86.0,59.0,1.0,1.0,2.0,1.0,2.0,1.75,1.25,2.0,1.0,1.0
0,0,1,1,3.0,0,da,1,3,7,1,Lep pozdrav.,86.0,17.0,2.0,0.9151244167962675,0.5714285714285714,0.0,0.875,1.0,0.0,0.6666666666666666,0.4285714285714285,0.6666666666666666
0,1,2,2,4.0,0,da,3,3,7,1,,90.0,11.0,1.0,1.0,2.0,1.0,1.375,2.0,1.0,1.0,2.0,1.8333333333333333
0,1,2,2,5.0,1,da,3,3,7,1,,90.0,21.0,1.4285714285714286,0.75,1.2857142857142858,0.2,0.375,0.5,-0.5,-0.3333333333333333,1.1428571428571428,0.3333333333333333
1,1,2,2,4.0,0,da,3,3,7,1,,86.0,11.0,1.8571428571428568,1.5,1.1428571428571428,1.4,2.0,2.0,1.25,2.0,1.8571428571428568,1.5
0,1,2,2,5.0,0,da,3,3,7,1,,87.0,19.0,0.6428571428571429,0.875,1.2857142857142858,1.6,2.0,1.5,1.5,1.3333333333333333,1.5714285714285714,1.3333333333333333
0,1,2,2,4.0,1,ne,2,3,7,1,,86.0,17.0,2.0,0.75,0.1428571428571428,0.4,0.375,0.0,-1.25,-0.8333333333333334,1.1428571428571428,-0.1666666666666666
1,1,2,1,5.0,2,da,3,3,7,1,,93.0,19.0,1.4285714285714286,1.625,2.0,2.0,2.0,2.0,2.0,2.0,1.7142857142857142,2.0
0,1,1,1,4.0,1,da,3,3,7,1,,95.0,15.0,2.0,1.5,1.0,1.0,1.125,1.0,0.0,0.8333333333333334,1.5714285714285714,1.4166666666666667
1,1,2,2,4.0,1,da,1,3,7,1,,94.0,27.0,1.5,1.625,1.8571428571428568,1.4,1.875,1.5,2.0,1.3333333333333333,1.2857142857142858,1.3333333333333333
1,1,2,2,3.0,0,da,2,3,7,1,,92.0,11.0,2.0,2.0,2.0,2.0,2.0,2.0,2.0,2.0,2.0,1.9166666666666667
0,1,1,1,4.0,1,da,3,3,7,1,,98.0,17.752508361204015,2.0,2.0,2.0,2.0,2.0,2.0,2.0,2.0,2.0,2.0
1,1,3,3,4.0,1,da,3,3,7,1,,76.0,17.752508361204015,2.0,1.75,1.5714285714285714,1.6,1.625,2.0,1.0,1.1666666666666667,1.7142857142857142,1.75
0,1,1,1,4.0,0,da,3,3,7,1,,88.0,18.0,2.0,2.0,2.0,2.0,2.0,2.0,1.75,2.0,1.8571428571428568,2.0
0,1,2,2,4.0,0,da,3,3,7,1,,82.0,14.0,0.5,0.125,1.1428571428571428,1.0,1.75,1.5,0.5,1.6666666666666667,0.7142857142857143,0.25
0,1,2,1,4.0,1,da,3,3,7,1,"Malo je dvoumno - ali so te želje, kaj vi želeli, da vrtec pripomore ali kaj je realno stanje. Pri določenih vprašanjih smo odgovarjali kako smo dojemali situacijo v vrtcih, pri določenih kaj bi želeli.",82.0,14.0,1.0714285714285714,0.0,0.7142857142857143,1.0,1.375,0.25,-0.5,1.0,1.7142857142857142,1.0
1,1,2,1,2.0,0,da,2,3,7,1,,81.0,12.5,1.0,0.625,0.5714285714285714,0.0,0.25,0.5,1.0,0.0,0.7142857142857143,0.75
0,1,3,1,3.0,0,da,3,3,7,1,,77.0,12.0,2.0,1.875,2.0,1.8,2.0,15.25,2.0,2.0,1.8571428571428568,1.0
1,1,2,1,5.0,0,da,3,3,7,1,,82.0,15.0,1.2142857142857142,1.0,0.0,0.0,0.875,1.5,0.25,0.0,1.4285714285714286,1.0
1,1,2,1,5.0,0,da,3,3,7,1,,82.0,15.0,1.2142857142857142,1.0,0.0,0.0,0.875,1.5,0.25,0.0,1.4285714285714286,1.0
1,1,3,2,3.0,0,da,3,3,7,1,"Vprašlnik ne razlikuje med vključitivjo v javni vrtec (ali vrtec s takim programom) in vrtcem, ki upošteva drugačne pedagogike (montessori, waldorf …), saj so tudi vzgibi, pričakovanja in merila drugačna.",83.0,15.0,2.0,1.25,0.4285714285714285,1.4,1.875,1.0,0.5,0.8333333333333334,2.0,1.75
0,1,2,1,4.0,0,da,0,3,8,1,,88.0,30.0,0.7142857142857143,0.25,0.5714285714285714,0.4,0.625,1.0,0.75,1.0,1.7142857142857142,0.75
0,1,1,1,5.0,1,da,3,3,7,1,,81.0,25.0,2.0,1.75,1.7142857142857142,1.6,1.75,1.5,1.25,1.5,1.8571428571428568,1.1666666666666667
1,1,3,1,2.0,0,da,3,3,7,1,"Vprašanja V12 - V17 niso jasno zastavljena. Npt. V16: za vključitev otroka v vrtec sem se odločil, ker menim, da vključenost v vrtec vpliva na otrokov razvoj na področju naravoslovja --> moj odgovor na to bi bil POPOLNOMA SE STRINJAM (s trditvijo). VENDAR: Za otrokov razvoj je pomembno, da ... --> ta trditev ni logično nadaljevanje prejšnje. Da, vse našteto je pomembno za otrokov razvoj, vendar se nisem odločila za vpis otroka v vrtec za izpolnitev teh postavk. Npr. po mojem mnenju je pomembno, da uporablja digitalna orodja, ni pa to razlog za vpis v vrtec, niti jih v vrtcu ne uporabljajo. Predlagam, da premislite o ustreznosti vprašanj. V19: Z vsemi trditvami se strinjam, da vzgojitelijca to počne oz. te spretnosti ima, vendar se zaradi tega nisem odločila za vpis otroka v vrtec.",76.0,13.0,2.0,2.0,2.0,2.0,2.0,2.0,1.0,2.0,2.0,1.2065202122408356
1,1,2,2,3.0,0,da,3,3,7,1,"Z otrokovim vrtcem smo bili zelo zadovoljni. Otrok je z veseljem vsak dan obiskoval vrtec, prav tako z veseljem razlagal kaj vse so počeli čez dan oz. kaj vse so se novega naučili. Prav tako smo bili zadovoljni z vsemi vzgojiteljicami ter pomočnicami, ki so svoj poklic opravljale z ljubeznijo ter zavestjo. Obžalujemo le pogosto bolehnost otroka, ki je posledično izpustil oz. zamudil še več učenja ter druženja s sovrstniki.",80.0,25.0,2.0,1.625,1.5714285714285714,1.4,2.0,1.5,0.5,0.5,1.4285714285714286,1.25
0,1,1,1,3.0,0,da,3,3,7,1,,89.0,13.0,2.0,1.75,1.5714285714285714,1.6,2.0,2.0,1.0,1.6666666666666667,1.0,1.8333333333333333
1,1,1,1,3.0,0,da,3,3,7,1,,87.0,27.0,1.2142857142857142,1.625,1.2857142857142858,1.0,1.0,0.5,0.0,1.0,0.7142857142857143,1.0
1,1,2,1,2.0,0,da,3,3,7,1,,83.0,11.0,2.0,2.0,2.0,1.6,1.75,2.0,0.5,1.6666666666666667,2.0,1.3333333333333333
1,0,2,2,6.0,2,da,3,3,7,1,,81.0,25.0,0.6428571428571429,0.125,0.5714285714285714,0.0,0.375,0.75,0.75,1.0,1.2857142857142858,0.6666666666666666
1,1,2,1,2.0,0,da,3,3,7,1,,87.0,11.0,2.0,2.0,2.0,2.0,2.0,2.0,1.5,2.0,2.0,1.5
0,1,1,1,3.0,0,da,3,3,7,1,,89.0,45.0,1.8571428571428568,2.0,2.0,2.0,2.0,2.0,2.0,2.0,1.8571428571428568,0.75
1,1,1,1,4.0,1,da,0,3,8,1,,86.0,13.0,1.0,0.875,1.4285714285714286,0.8,0.875,1.25,0.5,1.0,0.7142857142857143,0.6666666666666666
0,1,1,1,4.0,1,da,0,3,2,1,,80.0,35.0,1.6079119605966046,1.3015130670667705,1.3371750077599749,1.194733876329484,1.489360853512029,1.4776545422856957,0.9683304520402278,1.2601456688642612,1.4609007618132228,1.2065202122408356
0,1,2,2,4.0,0,da,3,3,7,1,"Vrtec ugodno vpliva na vsa področja otrokovrga razvoja, zato je dobro starše, v čim večji meri spodbujati k vključitvi otroka v vrtec.",82.0,14.0,2.0,1.75,0.8571428571428571,0.8,2.0,2.0,1.0,1.6666666666666667,2.0,2.0
1,1,3,2,5.0,0,da,3,3,7,1,,88.0,30.0,1.5,1.0,-0.7142857142857143,0.4,0.625,0.5,-0.75,0.1666666666666666,1.7142857142857142,1.3333333333333333
0,1,2,1,4.0,1,da,3,3,7,1,,81.0,11.0,2.0,2.0,1.8571428571428568,1.8,2.0,2.0,1.5,1.8333333333333333,2.0,1.8333333333333333
1,1,1,2,4.0,0,da,3,3,7,1,,86.0,11.0,2.0,2.0,2.0,2.0,2.0,2.0,1.75,2.0,1.8571428571428568,1.9166666666666667
0,1,1,1,5.0,1,da,3,3,7,1,,87.0,19.0,1.4285714285714286,1.0,0.8571428571428571,1.0,1.0,1.0,0.5,0.8333333333333334,0.7142857142857143,1.0
1,1,1,1,5.0,0,da,3,3,7,1,,87.0,19.0,1.4285714285714286,1.0,0.8571428571428571,1.0,1.0,1.0,0.5,0.8333333333333334,1.7142857142857142,1.0
0,1,2,1,5.0,2,da,3,3,7,1,,85.0,16.0,2.0,1.625,1.2857142857142858,1.4,1.125,1.0,0.5,1.1666666666666667,1.2857142857142858,0.8333333333333334
1,1,1,1,5.0,1,da,0,3,8,1,,88.0,31.0,2.0,0.75,1.4285714285714286,1.8,1.6895285935085007,1.5,0.5,2.0,2.0,1.6666666666666667
0,1,2,1,4.0,1,da,3,3,7,1,,86.0,11.0,2.0,2.0,2.0,2.0,2.0,2.0,2.0,2.0,2.0,2.0
0,1,2,1,5.0,0,da,3,3,7,1,,78.0,21.0,2.0,2.0,2.0,2.0,2.0,2.0,2.0,2.0,1.7142857142857142,1.5
1,1,2,1,5.0,1,da,3,3,7,1,,78.0,11.0,1.2142857142857142,0.875,0.7142857142857143,1.0,0.875,0.75,0.25,0.1666666666666666,0.7142857142857143,0.5
0,1,1,1,4.0,0,da,3,3,7,1,,83.0,15.0,2.0,1.375,0.8571428571428571,1.2,2.0,1.25,2.0,1.0,1.4285714285714286,1.5
1,1,2,2,4.0,0,da,2,3,7,1,,77.0,32.0,2.0,1.375,1.1428571428571428,1.2,1.5,1.5,1.75,1.0,1.7142857142857142,1.3333333333333333
1,1,2,1,4.0,0,da,2,3,7,1,,80.0,23.0,1.4285714285714286,1.125,0.0,0.6,1.25,1.25,0.0,0.6666666666666666,1.1428571428571428,0.3333333333333333
1,1,2,2,4.0,1,da,3,3,7,1,,85.0,12.0,0.7857142857142857,0.875,0.2857142857142857,0.6,0.875,1.0,0.5,1.0,1.0,1.0
1,1,1,1,4.0,0,da,3,3,7,1,,80.0,11.0,1.2857142857142858,1.0,1.0,1.0,1.0,1.5,0.75,0.6666666666666666,1.1428571428571428,1.0833333333333333
0,1,1,2,5.0,1,da,3,3,7,1,,80.0,17.752508361204015,2.0,1.625,2.0,2.0,1.875,2.0,2.0,1.3333333333333333,1.5714285714285714,1.5833333333333333
0,1,1,1,4.0,1,da,2,3,7,1,,85.0,17.0,2.0,2.0,2.0,2.0,2.0,2.0,2.0,2.0,2.0,2.0
0,0,2,2,5.0,2,da,3,3,7,1,,86.0,18.0,2.0,0.875,0.8571428571428571,0.8,2.0,2.0,1.5,2.0,2.0,1.1666666666666667
1,1,2,1,4.0,1,da,3,3,7,1,,86.0,11.0,2.0,1.875,2.0,2.0,1.875,1.75,2.0,2.0,1.7142857142857142,1.0833333333333333
1,1,2,1,5.0,0,da,3,3,7,1,,81.0,25.0,0.4285714285714285,0.0,0.4285714285714285,0.0,0.125,0.0,0.25,0.6666666666666666,1.0,2.0
0,1,1,2,4.0,0,da,3,3,7,1,,80.0,11.0,1.0,0.875,1.0,1.0,1.0,1.0,1.0,1.0,1.1428571428571428,1.4166666666666667
1,1,2,1,4.0,0,da,1,3,7,1,,79.0,11.0,0.5714285714285714,0.375,0.1428571428571428,0.0712074303405572,0.75,0.75,-0.25,0.3333333333333333,1.2857142857142858,1.4166666666666667
0,1,2,1,4.0,0,da,3,3,8,1,"Dragi vzgojitelji in učitelji, hvala ker ste!",82.0,37.0,2.0,1.875,1.8571428571428568,1.8,2.0,2.0,1.5,2.0,2.0,1.8333333333333333
1,1,3,2,6.0,2,da,3,3,7,1,"Vprašalnik je zelo nenavadno sestavljen. Nisem se odločila, da vpišem ptrpka v vrtec zaradi mnogo navedenih stvari, pač pa zato, ker je to najboljša rešitev za zaposlene starše. Priznavam pa, da ima socializacija v okviru vrtca vrsto prednosti in hkrati otrokom omogoča bolj raznolično in polno življenje. Vsi moji otroci so se iz vrtca vselej vračali navdušeni nad vsem, kar so novega doživeli ali se naučili.",65.0,20.0,1.7142857142857142,1.125,0.7142857142857143,1.0,0.875,1.0,-0.25,-0.1666666666666666,0.5714285714285714,0.5833333333333334
0,1,2,1,4.0,1,da,3,3,7,1,,86.0,29.0,2.0,2.0,2.0,2.0,2.0,2.0,2.0,2.0,2.0,2.0
0,0,1,1,4.0,1,da,3,3,2,1,,90.0,29.0,1.3571428571428572,0.5458333333333334,0.8571428571428571,1.0,1.625,1.75,0.5,2.0,1.4285714285714286,1.6666666666666667
0,1,2,2,4.0,0,da,3,3,7,1,,88.0,11.0,1.7857142857142858,1.625,1.5714285714285714,1.0,1.5,1.25,0.5,1.5,1.0,0.8333333333333334
0,0,0,1,4.0,1,da,0,3,8,1,,84.0,41.752508361204015,1.2857142857142858,0.5,0.7142857142857143,1.0,1.125,0.75,0.5,-0.5,1.0,1.0
1,1,0,0,3.0,2,da,0,3,0,1,,79.0,41.752508361204015,1.2857142857142858,-1.375,-2.0,-1.4,-0.875,-2.0,-2.0,-2.0,-2.0,-2.0
1,1,1,1,3.0,0,da,1,3,7,1,,79.0,35.0,1.5714285714285714,1.125,0.8571428571428571,0.8,1.0,1.5,0.0,1.5,1.5714285714285714,1.5833333333333333
0,1,2,2,4.0,0,da,1,3,7,1,,84.0,40.0,1.0,0.75,0.7142857142857143,0.6,1.0,1.0,-0.5,0.5,0.2857142857142857,1.0
1,1,2,3,4.0,1,da,3,3,7,1,,88.0,11.0,2.0,1.375,0.0,1.6,1.75,2.0,2.0,2.0,1.0,1.1666666666666667
0,1,1,1,4.0,0,da,1,0,7,1,,82.0,26.0,2.0,2.0,2.0,2.0,2.0,2.0,2.0,2.0,2.0,2.0
0,1,2,2,3.0,0,da,3,3,8,1,,79.0,41.752508361204015,1.5,1.25,0.4285714285714285,0.4,1.25,1.0,0.5,0.8333333333333334,1.0,0.6666666666666666
0,1,2,2,3.0,0,da,2,3,7,1,,77.0,17.752508361204015,1.6428571428571428,1.125,1.225621835791327,0.8,1.625,2.0,0.5,0.6666666666666666,1.0,1.3333333333333333
1,1,1,1,4.0,1,da,2,3,7,1,,86.0,28.0,1.4285714285714286,1.25,1.7142857142857142,0.6,1.875,1.0,1.25,0.6666666666666666,1.0,0.4166666666666667
1,1,2,1,3.0,0,da,3,3,7,1,,88.0,11.0,2.0,1.5,0.8571428571428571,1.4,0.875,1.0,0.0,0.6666666666666666,0.5714285714285714,0.8333333333333334
0,1,2,1,4.0,1,da,3,3,7,1,,84.0,11.0,0.7142857142857143,0.25,0.0,0.0,1.0,1.0,0.25,1.0,1.0,1.25
0,0,2,1,3.0,0,da,3,3,7,1,,80.0,24.0,2.0,2.0,2.0,2.0,2.0,2.0,2.0,2.0,1.4285714285714286,1.4166666666666667
0,1,3,3,4.0,1,da,3,3,7,1,,78.0,12.0,1.7142857142857142,0.75,1.1428571428571428,1.2,1.375,2.0,0.75,1.5,1.7142857142857142,1.1666666666666667
1,1,1,2,4.0,1,da,0,3,2,1,,81.0,24.0,2.0,0.7958333333333334,2.0,2.0,2.1270285935085007,2.0,1.0,1.6666666666666667,1.7142857142857142,2.0
1,1,3,1,4.0,1,da,3,3,7,1,,83.0,14.0,2.0,2.0,1.7142857142857142,2.0,2.0,1.5,1.0,2.0,1.7142857142857142,2.0
0,1,2,2,4.0,0,da,1,3,7,1,,84.0,16.0,1.7142857142857142,1.0,2.0,1.8,1.875,2.0,1.25,1.5,1.8571428571428568,1.0833333333333333
0,1,2,2,3.0,0,da,3,3,7,1,,73.0,13.0,2.0,1.5,1.5714285714285714,1.0,1.5,2.0,0.5,1.5,1.7142857142857142,1.5833333333333333
0,1,3,3,5.0,1,da,3,3,7,1,,78.0,42.0,1.6428571428571428,1.5,1.5714285714285714,1.0,1.0,2.0,1.0,1.0,1.4285714285714286,1.4166666666666667
1,1,2,1,2.0,0,da,3,3,7,1,,86.0,17.0,1.0,1.0,1.0,1.0,1.0,1.0,1.0,1.0,0.7142857142857143,0.0
0,1,3,1,3.0,0,da,3,3,7,1,,79.0,12.0,2.0,1.75,1.7142857142857142,1.6,2.0,2.0,1.5,2.0,1.8571428571428568,0.6666666666666666
1,1,2,1,3.0,0,da,3,3,7,1,,83.0,15.0,2.0,2.0,2.0,2.0,2.0,2.0,2.0,2.0,2.0,2.0
0,1,1,1,3.0,0,da,1,3,2,1,,86.0,54.0,2.0,2.0,2.0,2.0,2.0,2.0,2.0,2.0,2.0,2.0
0,1,1,1,4.0,1,da,3,3,7,1,,77.0,17.752508361204015,2.0,1.75,2.0,2.0,1.875,1.75,2.0,1.8333333333333333,1.1428571428571428,1.9166666666666667
1,1,2,1,4.0,0,da,3,2,7,1,,77.0,21.0,2.0,1.75,1.7142857142857142,1.6,2.0,2.0,1.0,1.6666666666666667,2.0,2.0
1,1,2,3,3.0,0,da,3,3,7,1,,83.0,27.0,2.0,1.125,0.5714285714285714,0.0,0.875,1.5,-0.5,0.3333333333333333,1.2857142857142858,1.3333333333333333
1,1,2,2,5.0,2,da,2,3,7,1,,79.0,23.0,0.0,0.125,1.1428571428571428,1.2,1.5,0.75,0.0,1.1666666666666667,0.5714285714285714,1.3333333333333333
0,1,2,2,6.0,2,da,3,3,7,1,,80.0,11.0,1.4285714285714286,0.875,1.1428571428571428,1.6,1.875,2.0,0.0,1.5,1.8571428571428568,1.2065202122408356
0,1,2,3,4.0,1,da,3,3,7,1,,84.0,15.0,1.2142857142857142,0.625,1.2857142857142858,1.4,1.75,1.5,0.25,0.5685358255451712,1.5714285714285714,0.6666666666666666
1,1,2,2,3.0,0,da,3,3,7,1,,85.0,12.0,1.7857142857142858,1.0,0.8571428571428571,0.2,1.0,1.0,1.0,1.0,1.2857142857142858,0.75
1,0,2,2,4.0,0,da,3,3,7,1,,79.0,11.0,2.0,1.875,1.7142857142857142,1.2,1.75,2.0,1.5,1.3333333333333333,1.2857142857142858,0.9166666666666666
0,1,2,1,4.0,1,da,3,2,7,1,,89.0,11.0,2.0,2.0,1.7142857142857142,1.6,2.0,2.0,1.0,2.0,0.1428571428571428,0.0833333333333333
0,0,0,0,4.0,1,da,1,3,5,1,,88.0,42.0,1.2142857142857142,0.9208333333333334,1.0,1.0,1.5,1.0,1.0,1.0,1.4285714285714286,1.1666666666666667
1,1,3,3,4.0,1,da,3,2,7,1,,78.0,14.0,1.8571428571428568,1.875,1.4285714285714286,2.0,1.625,2.0,1.5,1.8333333333333333,2.0,0.6666666666666666
0,1,3,3,4.0,1,da,3,3,7,1,"Spoštovani, menim, da vrtec ne bi smel biti samo ustanova, ki nudi varstvo, temveč tudi prostor, ki bi našim otrokom omogočal optimalni razvoj. Menim, da so skupine otrok v vrtcih prevelike, program aktivnosti bi moral biti bolje načrtovan, izvedba pa dosledna. Večji poudarek bi moral biti na gibanju otrok in več dejavnosti bi se moralo izvajati na prostem. Premalo je poudarka na solidarnosti in prijateljstvu, pa tudi na disciplini in lepem vedenju. Lep pozdrav;",86.0,18.0,2.0,1.75,1.7142857142857142,1.4,1.25,1.0,1.0,1.3333333333333333,2.0,-0.4166666666666667
1,1,1,1,4.0,0,da,0,3,0,1,Zaradi nerazumevanje jezika starši niso rešili v celoti vprašalnika.,83.0,41.752508361204015,1.1981968191716774,1.247832085471678,1.3371750077599749,1.194733876329484,1.3267465323493208,1.4776545422856957,0.8261357070634119,1.2601456688642612,1.1331138862867802,1.0342676103543862
0,1,1,1,4.0,0,da,1,3,2,1,,86.0,38.0,2.0,1.75,1.7142857142857142,1.6,2.0,2.0,1.0,1.8333333333333333,1.5714285714285714,1.75
0,1,2,2,4.0,0,da,3,3,7,1,,89.0,30.0,2.0,0.9151244167962675,0.7142857142857143,0.2,1.5,1.0,0.25,0.6666666666666666,1.5714285714285714,1.5833333333333333
0,1,2,2,4.0,0,da,3,3,7,1,"Na vprašanje V19 je težko odgovoriti, saj je imel Adam v vrtcu 4 različne vzgojiteljice, ki so imele zelo različne pristope do otrok.",82.0,13.0,1.7142857142857142,1.375,0.8571428571428571,1.2,1.75,2.0,0.5,1.6666666666666667,1.7142857142857142,0.0294117647058823
0,1,1,1,4.0,1,da,3,3,7,1,,83.0,14.0,1.6428571428571428,1.75,1.2857142857142858,1.2,1.375,1.5,1.25,0.5,1.4285714285714286,1.6666666666666667
1,1,3,1,4.0,1,da,3,3,7,1,,89.0,11.0,2.0,1.875,2.0,1.8,2.0,2.0,1.5,1.8333333333333333,2.0,0.9166666666666666
1,1,1,1,3.0,0,da,3,3,7,1,,88.0,32.0,1.0,0.875,1.0,1.0,1.0,1.0,1.0,1.0,0.7142857142857143,1.0
0,1,2,2,5.0,2,da,3,3,7,1,,82.0,26.0,2.0,1.125,0.4285714285714285,0.4,0.375,0.75,-0.5,-0.3333333333333333,0.4285714285714285,0.5833333333333334
0,1,1,1,4.0,0,da,0,3,1,1,,89.0,14.0,1.6428571428571428,1.25,1.0,1.6,1.0,1.0,1.0,1.0,1.0,0.75
1,1,2,3,4.0,1,da,3,3,7,1,,84.0,11.0,0.1428571428571428,0.625,0.0,0.6,-0.25,0.25,-2.0,-1.5,0.1428571428571428,-0.9166666666666666
1,1,1,1,3.0,0,da,0,3,7,1,,89.0,17.752508361204015,2.0,1.5,1.4285714285714286,1.2,1.75,1.75,0.0,1.4685358255451713,1.0,1.6666666666666667
0,1,2,1,4.0,0,da,3,0,8,1,,83.0,15.0,1.8571428571428568,1.5,1.8571428571428568,0.2,2.0,1.75,1.25,1.0,1.5714285714285714,1.0
1,1,1,1,4.0,1,da,2,3,7,1,"Želim samo poudariti, da je moje mnenje, da je vrtec najpomembnejši akter pri socializaciji otroka.",82.0,11.0,1.2857142857142858,1.125,1.5714285714285714,1.6,2.0,2.0,1.0,1.8333333333333333,1.7142857142857142,0.6666666666666666
1,1,2,1,4.0,1,da,1,3,7,1,,81.0,13.0,1.6428571428571428,1.125,1.5714285714285714,1.2,1.0,1.75,0.0,1.3333333333333333,1.7142857142857142,1.1666666666666667
0,1,0,0,5.0,1,da,0,2,0,1,,90.0,46.0,1.3571428571428572,0.5,1.0,0.8,0.5,0.75,1.0,0.6666666666666666,1.0,1.0
0,1,2,1,3.0,0,da,3,3,7,1,,88.0,19.0,2.0,2.0,2.0,2.0,2.0,2.0,2.0,2.0,2.0,2.0
1,1,2,3,4.0,0,da,3,3,7,1,,86.0,17.0,2.0,1.125,1.4285714285714286,0.8,1.0,2.0,0.142194744976816,0.8333333333333334,1.1428571428571428,0.5
0,1,1,0,3.0,1,da,0,0,7,1,,87.0,18.0,1.0,0.5,0.8571428571428571,0.2,0.875,1.0,0.5,0.6666666666666666,0.8571428571428571,0.9166666666666666
0,0,1,1,4.0,0,da,3,3,5,1,,80.0,29.75250836120401,2.0,1.0,1.0,1.4,1.0,1.0,1.0,1.0,1.0,1.0
1,0,1,1,3.0,0,da,0,3,2,1,,79.0,23.0,2.0,1.625,1.5714285714285714,1.2,2.0,2.0,1.0,1.6666666666666667,1.2857142857142858,1.3333333333333333
1,1,2,2,4.0,1,da,3,3,7,1,,89.0,21.0,1.2857142857142858,0.75,0.7142857142857143,1.6,1.375,1.75,0.5,1.0,1.1428571428571428,0.3333333333333333
0,1,1,2,4.0,2,da,3,3,7,1,,84.0,16.0,2.0,2.0,2.0,2.0,2.0,2.0,2.0,2.0,2.0,2.0
1,1,2,1,4.0,0,da,1,3,7,1,,86.0,30.0,0.7142857142857143,0.25,0.7142857142857143,0.4,1.125,1.0,1.0,1.0,2.0,0.3333333333333333
1,1,2,1,4.0,0,da,1,3,7,1,,86.0,30.0,0.7142857142857143,0.25,0.7142857142857143,0.4,1.125,1.0,1.0,1.0,2.0,0.3333333333333333
1,1,2,2,4.0,1,da,3,3,7,1,,84.0,15.0,2.0,2.0,2.0,2.0,2.0,2.0,2.0,2.0,1.7142857142857142,1.25
1,1,2,1,4.0,1,da,3,3,7,1,,87.0,67.0,1.0,1.0,1.0,1.0,1.0,1.0,1.0,0.0,1.0,1.0
0,1,1,1,4.0,0,da,2,3,7,1,,83.0,15.0,1.0714285714285714,1.125,1.1428571428571428,1.0606153846153847,0.875,1.0,1.0,0.6666666666666666,1.1428571428571428,1.0
1,1,1,1,4.0,0,da,1,3,7,1,,83.0,14.0,2.0,1.5,1.2857142857142858,0.8,1.75,1.5,0.75,1.3333333333333333,1.4285714285714286,1.75
0,1,1,1,4.0,0,da,2,3,7,1,,86.0,11.0,2.0,1.75,2.0,2.0,1.75,1.0,1.25,1.0,2.0,1.9166666666666667
0,1,3,2,3.0,0,da,3,3,7,1,"Potrebna boljša komunikacija s staarši, kaj se z otroci dogaja v vrtcu. Neprimerno zračenje prostorov v času ""covida"" saj so bila okna na stežaj odprta pri 0 stopinjah, otroci pa pomanjkljivo oblečeni.",79.0,11.0,2.0,1.25,0.7142857142857143,0.6,1.0,1.0,0.0,0.6666666666666666,1.1428571428571428,0.0
1,1,2,1,4.0,1,da,3,3,7,1,,79.0,18.0,1.0,0.75,1.0,1.0,0.5,0.0,0.0,0.0,0.8571428571428571,0.9166666666666666
0,1,1,1,5.0,0,da,1,3,7,1,Ne.,80.0,19.0,1.9285714285714288,0.5,-0.2857142857142857,-1.6,0.75,0.25,-0.75,1.0,0.2857142857142857,0.0
0,1,2,1,3.0,0,da,3,3,7,1,,81.0,25.0,1.4285714285714286,1.125,1.2857142857142858,0.6,1.5,1.0,0.75,1.1666666666666667,1.7142857142857142,1.5
1,1,2,1,4.0,1,da,2,3,7,1,,90.0,20.0,2.0,2.0,0.8571428571428571,0.6,2.0,2.0,0.5,1.5,2.0,1.0
1,1,2,1,4.0,1,da,3,3,8,1,A bomo dobili povratno informacijo o raziskavi? Pridobljeni rezultati raziskave bojo kaj spremenili v vzgoji v vrtcu?,87.0,11.5,1.6428571428571428,0.75,0.7142857142857143,0.4,2.0,0.5,0.75,1.1666666666666667,1.5714285714285714,0.0
1,1,1,1,4.0,1,da,3,3,2,1,,78.0,29.75250836120401,1.6428571428571428,1.0,0.8571428571428571,1.0,1.875,2.0,1.0,0.5685358255451713,1.0,0.6666666666666666
1,1,3,1,5.0,0,da,0,3,7,1,,82.0,26.0,2.0,1.75,1.7142857142857142,1.4,1.875,2.0,0.75,1.3333333333333333,1.8571428571428568,1.6666666666666667
1,1,2,1,4.0,0,da,1,3,7,1,,78.0,22.0,2.0,2.0,1.5714285714285714,1.8,2.0,2.0,1.0,2.0,1.8571428571428568,1.5
1,1,2,2,4.0,0,da,3,3,7,1,,82.0,15.0,1.2142857142857142,1.125,0.7142857142857143,0.8,1.0,1.0,0.5,1.0,1.0,0.0833333333333333
0,1,1,2,2.0,0,da,3,3,7,1,,81.0,37.0,2.0,1.875,1.8571428571428568,1.8,2.0,2.0,1.75,2.0,1.2857142857142858,0.8333333333333334
0,1,3,2,3.0,0,da,3,3,7,1,,87.0,31.0,0.8571428571428571,1.125,0.5714285714285714,0.8,1.75,1.4776545422856957,1.5,1.6666666666666667,1.4285714285714286,1.5
0,1,2,2,3.0,0,da,3,3,7,1,,87.0,18.0,1.5,1.5,1.2857142857142858,1.0,1.125,1.0,1.0,0.5,2.0,1.25
0,1,2,1,4.0,0,da,3,3,7,1,,83.0,14.0,1.7857142857142858,1.875,1.2857142857142858,1.6,1.875,1.25,1.5,1.0,1.7142857142857142,1.75
1,1,0,1,4.0,1,da,3,3,2,1,,85.0,65.0,2.0,2.0,2.0,2.0,2.0,2.0,2.0,2.0,2.0,2.0
1,0,1,2,5.0,1,da,1,3,5,1,,85.0,41.0,1.6428571428571428,1.0,1.1428571428571428,0.8,2.0,1.5,1.5,1.8333333333333333,1.4285714285714286,1.6666666666666667
0,1,1,2,2.0,0,da,3,3,7,1,,82.0,26.0,1.7857142857142858,1.25,1.5714285714285714,1.0,1.875,2.0,1.25,1.8333333333333333,2.0,1.8333333333333333
1,1,2,2,5.0,1,da,1,3,7,1,,80.0,11.0,2.0,1.75,1.2857142857142858,1.6,2.0,2.0,1.5,2.0,2.0,0.8333333333333334
0,0,2,1,4.0,0,da,3,3,7,1,,81.0,36.0,2.0,2.0,2.0,0.8,2.0,2.0,2.0,0.8333333333333334,2.0,1.9166666666666667
0,1,1,1,4.0,1,da,1,3,8,1,,82.0,27.0,2.0,2.0,2.0,2.0,2.0,2.0,2.0,2.0,1.8571428571428568,2.0
0,1,1,1,5.0,2,da,3,3,8,1,,82.0,14.0,1.7857142857142858,1.125,0.8571428571428571,1.0,1.5,1.25,0.75,1.6666666666666667,2.0,1.6666666666666667
0,1,1,2,3.0,0,da,2,3,7,1,,85.0,29.0,2.0,1.625,1.5714285714285714,1.4,1.75,1.75,0.5,1.5,1.4285714285714286,0.75
1,1,1,2,4.0,1,da,2,3,7,1,,84.0,39.0,0.7142857142857143,0.75,0.7142857142857143,1.0,0.75,1.0,0.5,0.6666666666666666,0.1428571428571428,1.0
1,0,2,2,4.0,0,da,3,3,7,1,V našem (motesori) vrtcu so se izogibali digitawih vsebin. Drugače pa se z vsemi trditvami popolnoma strinjam.,78.0,13.0,2.0,1.75,1.7142857142857142,1.6,2.0,2.0,1.5,1.6666666666666667,2.0,2.0
1,0,2,1,5.0,0,da,1,3,7,1,,80.0,27.0,2.0,2.0,2.0,1.6,1.625,1.75,0.5,0.3333333333333333,1.7142857142857142,0.3333333333333333
0,1,1,1,4.0,0,da,3,3,7,1,,80.0,24.0,2.0,2.0,2.0,2.0,2.0,2.0,2.0,2.0,1.1428571428571428,0.75
0,1,2,2,3.0,0,da,3,2,7,1,,80.0,29.75250836120401,1.4285714285714286,1.25,1.7142857142857142,1.8,0.75,1.0,0.0,0.3333333333333333,1.5714285714285714,1.0
1,1,2,2,3.0,1,da,3,3,7,1,,87.0,12.0,1.2857142857142858,1.0,1.2857142857142858,0.4,1.125,1.25,0.75,0.6666666666666666,1.1428571428571428,0.3333333333333333
0,1,2,1,4.0,1,da,2,2,7,1,,81.0,29.75250836120401,0.9285714285714286,0.75,1.0,1.0,1.0,1.0,1.0,1.0,1.0,1.0
0,1,2,2,4.0,0,da,3,3,7,1,/,82.0,13.0,2.0,2.0,2.0,2.0,2.0,2.0,2.0,2.0,1.4285714285714286,1.25
1,1,2,2,5.0,0,da,3,3,7,1,,82.0,27.0,2.0,2.0,2.0,2.0,2.0,2.0,2.0,2.0,2.0,2.0
0,1,1,2,3.0,0,da,3,3,7,1,,85.0,28.0,2.0,2.0,1.8571428571428568,1.0,2.0,2.0,1.5,2.0,2.0,1.7916666666666667
1,1,1,1,4.0,1,da,3,3,7,1,,88.0,18.0,1.6428571428571428,0.875,2.0,0.4,0.75,1.0,2.0,0.8333333333333334,1.8571428571428568,1.0833333333333333
0,1,1,1,4.0,0,da,3,3,7,1,"Starši, ki ne dajejo otroka v vrtec … Lahko jim je žal, ker vrtec je zakon! Lp!",83.0,17.752508361204015,2.0,1.875,1.7142857142857142,1.6,2.0,2.0,0.5,1.6666666666666667,2.0,2.0
1,1,2,1,4.0,1,da,3,3,7,1,,79.0,23.0,1.9285714285714288,2.0,2.0,2.0,2.0,1.75,2.0,2.0,2.0,2.0
0,1,2,2,4.0,2,da,3,3,7,1,,78.0,13.0,2.0,1.5,1.0,1.0,1.625,1.0,2.0,10.333333333333334,1.0,1.0
1,1,1,1,4.0,0,da,1,3,2,1,,84.0,28.0,2.0,0.875,0.1428571428571428,1.0,1.0645285935085007,0.5,0.9683304520402278,0.1666666666666666,0.8571428571428571,0.9166666666666666
1,1,2,1,4.0,0,da,3,3,7,1,,82.0,11.0,2.0,2.0,2.0,1.6,1.875,2.0,1.5,1.8333333333333333,1.2857142857142858,1.4166666666666667
0,1,2,1,5.0,1,da,3,3,7,1,"Zelo uporabno je če se upošteva ugotavljanja in dogajanja, ki prišle s vzgjojiteljic, ki so dnevno z otroki in preživijo z njimi pol dneva in so tako rekoč druge mame. Zelo pomembno je tudi, da so vsi zaposleni v vrtcu, ki so direktno v stiku z otroki (vzgojiteljice in pomočnice) s srcem pri svojem delu, ker je ključno v katero oddaš otroka zelo pomemben faktor, kako bodo starši gledali na vpliv vrtca na sjovega otroka. Vedno dobrodošla je toplina in prijetne besede.",94.0,13.0,2.0,2.0,2.0,2.0,2.0,2.0,2.0,2.0,1.8571428571428568,1.5
0,1,1,2,3.0,0,da,3,3,7,1,,79.0,11.0,2.0,1.875,1.8571428571428568,1.4,2.0,2.0,1.0,2.0,1.4285714285714286,2.0
0,1,2,2,4.0,1,da,1,3,7,1,"Nesmiselen vprašalnik za starše otrok, ki že obiskujejo šolo!??",82.0,13.0,2.0,0.875,1.4285714285714286,0.6,1.0,0.0,0.5,-0.8333333333333334,2.0,1.5833333333333333
1,1,2,2,2.0,0,da,3,3,7,1,/,86.0,11.0,1.8571428571428568,1.125,1.5714285714285714,1.6,2.0,1.75,1.0,1.8333333333333333,1.5714285714285714,1.6666666666666667
0,1,2,2,4.0,0,da,3,3,7,1,"Menim, da so vrtčevske skupine preštevilčne oz. da bi moralo biti tudi v starostnem obdobju 3-6 let v skupino vključenih manjše število otrok, saj bi vzgojiteljice in vzgojitelji na ta način lažje vplivali na celostni razvoj predšolskih otrok.",81.0,36.0,1.1428571428571428,1.375,1.4285714285714286,1.6,1.625,2.0,1.5,1.6666666666666667,0.7142857142857143,0.1666666666666666
1,1,1,1,4.0,0,da,3,3,7,1,,88.0,16.0,1.2857142857142858,0.625,0.1428571428571428,0.8,1.0,0.75,0.75,1.1666666666666667,0.7142857142857143,1.75
0,0,1,2,5.0,2,da,3,3,7,1,/,82.0,17.752508361204015,1.5714285714285714,1.25,0.8571428571428571,1.0,1.375,1.0,1.0,2.0,1.1428571428571428,1.0833333333333333
0,1,1,0,6.0,1,da,2,3,7,1,,83.0,29.75250836120401,0.7142857142857143,1.0,1.7142857142857142,2.0,1.75,1.25,1.5,1.5,1.1428571428571428,1.0
0,1,1,1,4.0,1,da,3,3,2,1,,83.0,17.752508361204015,1.053206106870229,0.75,1.0,1.0,1.0,1.0,1.0,1.0,0.1428571428571428,0.3333333333333333
1,1,1,1,5.0,2,da,2,3,7,1,,79.0,34.0,0.8571428571428571,0.5,1.0,1.0,1.0,1.0,1.0,1.0,1.0,1.0
0,1,2,1,4.0,0,da,3,3,7,1,,79.0,11.0,1.5,1.125,1.1428571428571428,1.4,1.25,1.0,-0.25,0.8333333333333334,1.0,1.0833333333333333
1,1,1,1,5.0,2,da,3,3,7,1,,83.0,17.752508361204015,2.0,2.0,2.0,2.0,2.0,2.0,0.5,1.8333333333333333,2.0,1.9166666666666667
1,1,1,1,4.0,0,da,3,3,7,1,/,82.0,15.0,0.7857142857142857,0.5,0.0,1.0,0.875,0.75,1.0,1.0,0.7142857142857143,0.9166666666666666
1,1,2,3,4.0,0,da,3,3,7,1,,85.0,29.0,2.0,1.625,1.5714285714285714,1.0,1.625,1.0,1.25,1.0,1.0,1.0
1,0,3,3,6.0,2,da,3,3,7,1,,86.0,12.0,1.7857142857142858,0.875,2.0,2.0,1.375,0.0,1.75,0.3333333333333333,0.8571428571428571,1.0833333333333333
1,1,2,1,4.0,0,da,3,3,7,1,,88.0,19.0,1.8571428571428568,1.875,2.0,1.6,2.0,1.75,1.5,1.6666666666666667,7.0,0.5833333333333334
0,1,2,1,4.0,1,da,3,3,7,1,,83.0,17.0,0.5,0.375,0.7142857142857143,1.0,0.75,1.0,0.75,0.6666666666666666,0.5714285714285714,0.4166666666666667
0,1,1,1,2.0,0,da,3,3,7,1,,85.0,40.0,2.0,1.875,1.8571428571428568,2.0,2.0,2.0,2.0,1.3333333333333333,2.0,1.75
1,1,2,1,4.0,0,da,3,3,7,1,,83.0,27.0,1.3571428571428572,0.5,0.7142857142857143,-0.6,0.625,1.25,-0.5,0.3333333333333333,1.2857142857142858,0.75
0,1,1,1,3.0,0,da,2,3,7,1,,100.0,44.0,2.0,2.0,2.0,2.0,2.0,2.0,2.0,2.0,2.0,2.0
0,1,2,1,3.0,0,da,0,3,7,1,,83.0,17.0,2.0,2.0,2.0,2.0,2.0,2.0,2.0,2.0,1.4285714285714286,1.1666666666666667
0,1,1,1,4.0,1,da,0,3,7,1,,80.0,49.0,2.0,2.0,2.0,2.0,2.0,2.0,1.2226473349703886,1.6666666666666667,1.8571428571428568,2.0
0,1,2,2,4.0,1,da,3,3,7,1,,89.0,20.0,1.6428571428571428,1.375,0.7142857142857143,0.2,1.375,1.5,1.25,1.8333333333333333,1.4285714285714286,0.1666666666666666
1,1,1,1,4.0,1,da,1,3,7,1,,84.0,11.0,2.0,2.0,2.0,2.0,1.875,2.0,2.0,2.0,2.0,2.0
0,1,1,1,4.0,0,da,3,3,7,1,,82.0,14.0,2.0,2.0,2.0,2.0,2.0,2.0,2.0,2.0,2.0,2.0
